species_code,main_bird_id,sub_bird_id,order,family,genus,species_name,scientific_name,note
67,0,,キジ目,キジ科,エゾライチョウ属,エゾライチョウ,Tetrastes bonasia,
295,1,,アビ目,アビ科,アビ属,アビ,Gavia stellata,
295,1,1,アビ目,アビ科,アビ属,(亜種)アビ,,
296,2,,アビ目,アビ科,アビ属,オオハム,Gavia arctica,
296,2,1,アビ目,アビ科,アビ属,(亜種)オオハム,,
297,3,,アビ目,アビ科,アビ属,シロエリオオハム,Gavia pacifica,
299,4,,アビ目,アビ科,アビ属,ハシジロアビ,Gavia adamsii,
129,5,,カイツブリ目,カイツブリ科,カイツブリ属,カイツブリ,Tachybaptus ruficollis,
129,5,1,カイツブリ目,カイツブリ科,カイツブリ属,(亜種)カイツブリ,,
129,5,2,カイツブリ目,カイツブリ科,カイツブリ属,(亜種)ダイトウカイツブリ,,
133,6,,カイツブリ目,カイツブリ科,カンムリカイツブリ属,ハジロカイツブリ,Podiceps nigricollis,
133,6,1,カイツブリ目,カイツブリ科,カンムリカイツブリ属,(亜種)ハジロカイツブリ,,
132,7,,カイツブリ目,カイツブリ科,カンムリカイツブリ属,ミミカイツブリ,Podiceps auritus,
132,7,1,カイツブリ目,カイツブリ科,カンムリカイツブリ属,(亜種)ミミカイツブリ,,第8版にない
130,8,,カイツブリ目,カイツブリ科,カンムリカイツブリ属,アカエリカイツブリ,Podiceps grisegena,
130,8,1,カイツブリ目,カイツブリ科,カンムリカイツブリ属,(亜種)アカエリカイツブリ,,
131,9,,カイツブリ目,カイツブリ科,カンムリカイツブリ属,カンムリカイツブリ,Podiceps cristatus,
131,9,1,カイツブリ目,カイツブリ科,カンムリカイツブリ属,(亜種)カンムリカイツブリ,,
303,10,,ミズナギドリ目,アホウドリ科,アホウドリ属,アホウドリ,Phoebastria albatrus,
301,11,,ミズナギドリ目,アホウドリ科,アホウドリ属,コアホウドリ,Phoebastria immutabilis,
302,12,,ミズナギドリ目,アホウドリ科,アホウドリ属,クロアシアホウドリ,Phoebastria nigripes,
312,13,,ミズナギドリ目,ミズナギドリ科,フルマカモメ属,フルマカモメ,Fulmarus glacialis,
312,13,1,ミズナギドリ目,ミズナギドリ科,フルマカモメ属,(亜種)フルマカモメ,,
314,14,,ミズナギドリ目,ミズナギドリ科,シロハラミズナギドリ属,ハジロミズナギドリ,Pterodroma solandri,第8版にない
317,15,,ミズナギドリ目,ミズナギドリ科,シロハラミズナギドリ属,カワリシロハラミズナギドリ,Pterodroma neglecta,
319,16,,ミズナギドリ目,ミズナギドリ科,シロハラミズナギドリ属,マダラシロハラミズナギドリ,Pterodroma inexpectata,
315,17,,ミズナギドリ目,ミズナギドリ科,シロハラミズナギドリ属,オオシロハラミズナギドリ,Pterodroma externa,
315,17,1,ミズナギドリ目,ミズナギドリ科,シロハラミズナギドリ属,(亜種)クビワオオシロハラミズナギドリ,,
315,17,2,ミズナギドリ目,ミズナギドリ科,シロハラミズナギドリ属,(亜種)オオシロハラミズナギドリ,,
318,18,,ミズナギドリ目,ミズナギドリ科,シロハラミズナギドリ属,ハワイシロハラミズナギドリ,Pterodroma sandwichensis,
318,18,1,ミズナギドリ目,ミズナギドリ科,シロハラミズナギドリ属,(亜種)ハワイシロハラミズナギドリ,,
322,19,,ミズナギドリ目,ミズナギドリ科,シロハラミズナギドリ属,シロハラミズナギドリ,Pterodroma hypoleuca,
321,20,,ミズナギドリ目,ミズナギドリ科,シロハラミズナギドリ属,ハグロシロハラミズナギドリ,Pterodroma nigripennis,
323,21,,ミズナギドリ目,ミズナギドリ科,シロハラミズナギドリ属,ヒメシロハラミズナギドリ,Pterodroma longirostris,
337,22,,ミズナギドリ目,ミズナギドリ科,アナドリ属,アナドリ,Bulweria bulwerii,
324,23,,ミズナギドリ目,ミズナギドリ科,オオミズナギドリ属,オオミズナギドリ,Calonectris leucomelas,
325,24,,ミズナギドリ目,ミズナギドリ科,ハシボソミズナギドリ属,オナガミズナギドリ,Ardenna pacifica,
325,24,1,ミズナギドリ目,ミズナギドリ科,ハシボソミズナギドリ属,(亜種)オナガミズナギドリ,,
326,25,,ミズナギドリ目,ミズナギドリ科,ハシボソミズナギドリ属,ミナミオナガミズナギドリ,Ardenna bulleri,
330,26,,ミズナギドリ目,ミズナギドリ科,ハシボソミズナギドリ属,アカアシミズナギドリ,Ardenna carneipes,
327,27,,ミズナギドリ目,ミズナギドリ科,ハシボソミズナギドリ属,ハイイロミズナギドリ,Ardenna grisea,
328,28,,ミズナギドリ目,ミズナギドリ科,ハシボソミズナギドリ属,ハシボソミズナギドリ,Ardenna tenuirostris,
331,29,,ミズナギドリ目,ミズナギドリ科,マンクスミズナギドリ属,コミズナギドリ,Puffinus nativitatis,
334,30,,ミズナギドリ目,ミズナギドリ科,マンクスミズナギドリ属,オガサワラミズナギドリ,Puffinus bannermani,
334,30,1,ミズナギドリ目,ミズナギドリ科,マンクスミズナギドリ属,(亜種)セグロミズナギドリ,,
300,31,,ミズナギドリ目,アシナガウミツバメ科,アシナガウミツバメ属,アシナガウミツバメ,Oceanites oceanicus,
300,31,1,ミズナギドリ目,アシナガウミツバメ科,アシナガウミツバメ属,(亜種)アシナガウミツバメ,,
305,32,,ミズナギドリ目,ウミツバメ科,オーストンウミツバメ属,ハイイロウミツバメ,Hydrobates furcatus,
305,32,1,ミズナギドリ目,ウミツバメ科,オーストンウミツバメ属,(亜種)ハイイロウミツバメ,,
308,33,,ミズナギドリ目,ウミツバメ科,オーストンウミツバメ属,コシジロウミツバメ,Hydrobates leucorhous,第8版にない
308,33,1,ミズナギドリ目,ウミツバメ科,オーストンウミツバメ属,(亜種)コシジロウミツバメ,,
306,34,,ミズナギドリ目,ウミツバメ科,オーストンウミツバメ属,ヒメクロウミツバメ,Hydrobates monorhis,
309,35,,ミズナギドリ目,ウミツバメ科,オーストンウミツバメ属,クロコシジロウミツバメ,Hydrobates castro,
310,36,,ミズナギドリ目,ウミツバメ科,オーストンウミツバメ属,オーストンウミツバメ,Hydrobates tristrami,
307,37,,ミズナギドリ目,ウミツバメ科,オーストンウミツバメ属,クロウミツバメ,Hydrobates matsudairae,
293,38,,ネッタイチョウ目,ネッタイチョウ科,ネッタイチョウ属,アカオネッタイチョウ,Phaethon rubricauda,
293,38,1,ネッタイチョウ目,ネッタイチョウ科,ネッタイチョウ属,(亜種)アカオネッタイチョウ,,
294,39,,ネッタイチョウ目,ネッタイチョウ科,ネッタイチョウ属,シラオネッタイチョウ,Phaethon lepturus,
294,39,1,ネッタイチョウ目,ネッタイチョウ科,ネッタイチョウ属,(亜種)シラオネッタイチョウ,,第8版にない
376,40,,ペリカン目,ペリカン科,ペリカン属,モモイロペリカン,Pelecanus onocrotalus,第8版にない
378,41,,ペリカン目,ペリカン科,ペリカン属,ハイイロペリカン,Pelecanus crispus,第8版にない
346,42,,カツオドリ目,カツオドリ科,カツオドリ属,カツオドリ,Sula leucogaster,
346,42,1,カツオドリ目,カツオドリ科,カツオドリ属,(亜種)カツオドリ,,
344,43,,カツオドリ目,カツオドリ科,カツオドリ属,アオツラカツオドリ,Sula dactylatra,
344,43,1,カツオドリ目,カツオドリ科,カツオドリ属,(亜種)アオツラカツオドリ,,
345,44,,カツオドリ目,カツオドリ科,カツオドリ属,アカアシカツオドリ,Sula sula,
345,44,1,カツオドリ目,カツオドリ科,カツオドリ属,(亜種)アカアシカツオドリ,,
350,45,,カツオドリ目,ウ科,ウ属,カワウ,Phalacrocorax carbo,
350,45,1,カツオドリ目,ウ科,ウ属,(亜種)カワウ,,
349,46,,カツオドリ目,ウ科,ウ属,ウミウ,Phalacrocorax capillatus,
348,47,,カツオドリ目,ウ科,ヒメウ属,ヒメウ,Urile pelagicus,
348,47,1,カツオドリ目,ウ科,ヒメウ属,(亜種)ヒメウ,,
347,48,,カツオドリ目,ウ科,ヒメウ属,チシマウガラス,Urile urile,
341,49,,カツオドリ目,グンカンドリ科,グンカンドリ属,オオグンカンドリ,Fregata minor,
341,49,1,カツオドリ目,グンカンドリ科,グンカンドリ属,(亜種)オオグンカンドリ,,
342,50,,カツオドリ目,グンカンドリ科,グンカンドリ属,コグンカンドリ,Fregata ariel,
342,50,1,カツオドリ目,グンカンドリ科,グンカンドリ属,(亜種)コグンカンドリ,,第8版にない
357,51,,ペリカン目,サギ科,サンカノゴイ属,サンカノゴイ,Botaurus stellaris,
357,51,1,ペリカン目,サギ科,サンカノゴイ属,(亜種)サンカノゴイ,,
358,52,,ペリカン目,サギ科,ヨシゴイ属,ヨシゴイ,Ixobrychus sinensis,
358,52,1,ペリカン目,サギ科,ヨシゴイ属,(亜種)ヨシゴイ,,
358,52,2,ペリカン目,サギ科,ヨシゴイ属,(亜種)マリアナヨシゴイ,,
359,53,,ペリカン目,サギ科,ヨシゴイ属,オオヨシゴイ,Ixobrychus eurhythmus,
360,54,,ペリカン目,サギ科,ヨシゴイ属,リュウキュウヨシゴイ,Ixobrychus cinnamomeus,
361,55,,ペリカン目,サギ科,ヨシゴイ属,タカサゴクロサギ,Ixobrychus flavicollis,
361,55,1,ペリカン目,サギ科,ヨシゴイ属,(亜種)タカサゴクロサギ,,
362,56,,ペリカン目,サギ科,ミゾゴイ属,ミゾゴイ,Gorsachius goisagi,
363,57,,ペリカン目,サギ科,ミゾゴイ属,ズグロミゾゴイ,Gorsachius melanolophus,
364,58,,ペリカン目,サギ科,ゴイサギ属,ゴイサギ,Nycticorax nycticorax,
364,58,1,ペリカン目,サギ科,ゴイサギ属,(亜種)ゴイサギ,,第8版にない
365,59,,ペリカン目,サギ科,ゴイサギ属,ハシブトゴイ,Nycticorax caledonicus,
365,59,1,ペリカン目,サギ科,ゴイサギ属,(亜種)ハシブトゴイ,,
366,60,,ペリカン目,サギ科,ササゴイ属,ササゴイ,Butorides striata,
366,60,1,ペリカン目,サギ科,ササゴイ属,(亜種)ササゴイ,,
367,61,,ペリカン目,サギ科,アカガシラサギ属,アカガシラサギ,Ardeola bacchus,
368,62,,ペリカン目,サギ科,アマサギ属,アマサギ,Bubulcus ibis,
368,62,1,ペリカン目,サギ科,アマサギ属,(亜種)アマサギ,,
371,63,,ペリカン目,サギ科,アオサギ属,ダイサギ,Ardea alba,
371,63,1,ペリカン目,サギ科,アオサギ属,(亜種)ダイサギ,,
371,63,2,ペリカン目,サギ科,アオサギ属,(亜種)チュウダイサギ,,
372,64,,ペリカン目,サギ科,アオサギ属,チュウサギ,Ardea intermedia,
372,64,1,ペリカン目,サギ科,アオサギ属,(亜種)チュウサギ,,
373,65,,ペリカン目,サギ科,コサギ属,コサギ,Egretta garzetta,
373,65,1,ペリカン目,サギ科,コサギ属,(亜種)コサギ,,
375,66,,ペリカン目,サギ科,コサギ属,カラシラサギ,Egretta eulophotes,第8版にない
374,67,,ペリカン目,サギ科,コサギ属,クロサギ,Egretta sacra,
374,67,1,ペリカン目,サギ科,コサギ属,(亜種)クロサギ,,
369,68,,ペリカン目,サギ科,アオサギ属,アオサギ,Ardea cinerea,
369,68,1,ペリカン目,サギ科,アオサギ属,(亜種)アオサギ,,
370,69,,ペリカン目,サギ科,アオサギ属,ムラサキサギ,Ardea purpurea,
370,69,1,ペリカン目,サギ科,アオサギ属,(亜種)ムラサキサギ,,
339,70,,コウノトリ目,コウノトリ科,コウノトリ属,コウノトリ,Ciconia boyciana,
338,71,,コウノトリ目,コウノトリ科,コウノトリ属,ナベコウ,Ciconia nigra,
355,72,,ペリカン目,トキ科,ヘラサギ属,ヘラサギ,Platalea leucorodia,
355,72,1,ペリカン目,トキ科,ヘラサギ属,(亜種)ヘラサギ,,
356,73,,ペリカン目,トキ科,ヘラサギ属,クロツラヘラサギ,Platalea minor,
353,74,,ペリカン目,トキ科,トキ属,トキ,Nipponia nippon,
352,75,,ペリカン目,トキ科,クロトキ属,クロトキ,Threskiornis melanocephalus,
5,76,,カモ目,カモ科,コクガン属,シジュウカラガン,Branta hutchinsii,
5,76,1,カモ目,カモ科,コクガン属,(亜種)シジュウカラガン,,第8版にない
5,76,2,カモ目,カモ科,コクガン属,(亜種)ヒメシジュウカラガン,,第8版にない
2,77,,カモ目,カモ科,コクガン属,コクガン,Branta bernicla,
2,77,1,カモ目,カモ科,コクガン属,(亜種)コクガン,,
9,78,,カモ目,カモ科,マガン属,ハイイロガン,Anser anser,
9,78,1,カモ目,カモ科,マガン属,(亜種)ハイイロガン,,
12,79,,カモ目,カモ科,マガン属,マガン,Anser albifrons,
12,79,1,カモ目,カモ科,マガン属,(亜種)マガン,,
12,79,2,カモ目,カモ科,マガン属,(亜種)オオマガン,,
13,80,,カモ目,カモ科,マガン属,カリガネ,Anser erythropus,
11,81,,カモ目,カモ科,マガン属,ヒシクイ,Anser fabalis,
11,81,1,カモ目,カモ科,マガン属,(亜種)オオヒシクイ,,
11,81,2,カモ目,カモ科,マガン属,(亜種)ヒメヒシクイ,,
11,81,3,カモ目,カモ科,マガン属,(亜種)ヒシクイ,,
8,82,,カモ目,カモ科,マガン属,ハクガン,Anser caerulescens,
8,82,1,カモ目,カモ科,マガン属,(亜種)ハクガン,,
8,82,2,カモ目,カモ科,マガン属,(亜種)オオハクガン,,第8版にない
8,82,5,カモ目,カモ科,マガン属,(亜種)ハクガン白色系,,
8,82,6,カモ目,カモ科,マガン属,(亜種)ハクガン青色系,,
7,83,,カモ目,カモ科,マガン属,ミカドガン,Anser canagicus,
10,84,,カモ目,カモ科,マガン属,サカツラガン,Anser cygnoid,
14,85,,カモ目,カモ科,マガン属,エジプトガン,,
15,86,,カモ目,カモ科,ハクチョウ属,コブハクチョウ,Cygnus olor,
16,87,,カモ目,カモ科,ハクチョウ属,ナキハクチョウ,Cygnus buccinator,
18,88,,カモ目,カモ科,ハクチョウ属,オオハクチョウ,Cygnus cygnus,第8版にない
17,89,,カモ目,カモ科,ハクチョウ属,コハクチョウ,Cygnus columbianus,
17,89,1,カモ目,カモ科,ハクチョウ属,(亜種)コハクチョウ,,
17,89,2,カモ目,カモ科,ハクチョウ属,(亜種)アメリカコハクチョウ,,
1,90,,カモ目,カモ科,リュウキュウガモ属,リュウキュウガモ,Dendrocygna javanica,
20,91,,カモ目,カモ科,ツクシガモ属,アカツクシガモ,Tadorna ferruginea,
19,92,,カモ目,カモ科,ツクシガモ属,ツクシガモ,Tadorna tadorna,
21,93,,カモ目,カモ科,ツクシガモ属,カンムリツクシガモ,Tadorna cristata,
22,94,,カモ目,カモ科,オシドリ属,オシドリ,Aix galericulata,
24,95,,カモ目,カモ科,オシドリ属,アメリカオシ,,
35,96,,カモ目,カモ科,マガモ属,マガモ,Anas platyrhynchos,
35,96,1,カモ目,カモ科,マガモ属,(亜種)マガモ,,第8版にない
34,97,,カモ目,カモ科,マガモ属,カルガモ,Anas zonorhyncha,
34,97,1,カモ目,カモ科,マガモ属,(亜種)カルガモ,,
37,98,,カモ目,カモ科,マガモ属,コガモ,Anas crecca,
37,98,1,カモ目,カモ科,マガモ属,(亜種)コガモ,,
37,98,2,カモ目,カモ科,マガモ属,(亜種)アメリカコガモ,,
25,99,,カモ目,カモ科,トモエガモ属,トモエガモ,Sibirionetta formosa,
30,100,,カモ目,カモ科,ヨシガモ属,ヨシガモ,Mareca falcata,
29,101,,カモ目,カモ科,ヨシガモ属,オカヨシガモ,Mareca strepera,
29,101,1,カモ目,カモ科,ヨシガモ属,(亜種)オカヨシガモ,,
31,102,,カモ目,カモ科,ヨシガモ属,ヒドリガモ,Mareca penelope,
32,103,,カモ目,カモ科,ヨシガモ属,アメリカヒドリ,Mareca americana,
36,104,,カモ目,カモ科,マガモ属,オナガガモ,Anas acuta,
36,104,1,カモ目,カモ科,マガモ属,(亜種)オナガガモ,,第8版にない
26,105,,カモ目,カモ科,ハシビロガモ属,シマアジ,Spatula querquedula,
28,106,,カモ目,カモ科,ハシビロガモ属,ハシビロガモ,Spatula clypeata,
38,107,,カモ目,カモ科,アカハシハジロ属,アカハシハジロ,Netta rufina,
41,108,,カモ目,カモ科,スズガモ属,ホシハジロ,Aythya ferina,
40,109,,カモ目,カモ科,スズガモ属,アメリカホシハジロ,Aythya americana,
39,110,,カモ目,カモ科,スズガモ属,オオホシハジロ,Aythya valisineria,
44,111,,カモ目,カモ科,スズガモ属,クビワキンクロ,Aythya collaris,
43,112,,カモ目,カモ科,スズガモ属,メジロガモ,Aythya nyroca,
42,113,,カモ目,カモ科,スズガモ属,アカハジロ,Aythya baeri,第8版にない
45,114,,カモ目,カモ科,スズガモ属,キンクロハジロ,Aythya fuligula,
46,115,,カモ目,カモ科,スズガモ属,スズガモ,Aythya marila,第8版にない
46,115,1,カモ目,カモ科,スズガモ属,(亜種)スズガモ,,
47,116,,カモ目,カモ科,スズガモ属,コスズガモ,Aythya affinis,
48,117,,カモ目,カモ科,コケワタガモ属,コケワタガモ,Polysticta stelleri,
49,118,,カモ目,カモ科,ケワタガモ属,ケワタガモ,Somateria spectabilis,
55,119,,カモ目,カモ科,ビロードキンクロ属,クロガモ,Melanitta americana,
55,119,1,カモ目,カモ科,ビロードキンクロ属,(亜種)クロガモ,,
54,120,,カモ目,カモ科,ビロードキンクロ属,ビロードキンクロ,Melanitta stejnegeri,
54,120,1,カモ目,カモ科,ビロードキンクロ属,(亜種)ビロードキンクロ,,
52,121,,カモ目,カモ科,ビロードキンクロ属,アラナミキンクロ,Melanitta perspicillata,
51,122,,カモ目,カモ科,シノリガモ属,シノリガモ,Histrionicus histrionicus,
51,122,1,カモ目,カモ科,シノリガモ属,(亜種)シノリガモ,,
56,123,,カモ目,カモ科,コオリガモ属,コオリガモ,Clangula hyemalis,
58,124,,カモ目,カモ科,ホオジロガモ属,ホオジロガモ,Bucephala clangula,
58,124,1,カモ目,カモ科,ホオジロガモ属,(亜種)ホオジロガモ,,
57,125,,カモ目,カモ科,ホオジロガモ属,ヒメハジロ,Bucephala albeola,
62,126,,カモ目,カモ科,ミコアイサ属,ミコアイサ,Mergellus albellus,
65,127,,カモ目,カモ科,ウミアイサ属,ウミアイサ,Mergus serrator,
65,127,1,カモ目,カモ科,ウミアイサ属,(亜種)ウミアイサ,,
66,128,,カモ目,カモ科,ウミアイサ属,コウライアイサ,Mergus squamatus,
64,129,,カモ目,カモ科,ウミアイサ属,カワアイサ,Mergus merganser,
64,129,1,カモ目,カモ科,ウミアイサ属,(亜種)カワアイサ,,
64,129,2,カモ目,カモ科,ウミアイサ属,(亜種)オオカワアイサ,,
379,130,,タカ目,ミサゴ科,ミサゴ属,ミサゴ,Pandion haliaetus,
379,130,1,タカ目,ミサゴ科,ミサゴ属,(亜種)ミサゴ,,
380,131,,タカ目,タカ科,ハチクマ属,ハチクマ,Pernis ptilorhynchus,
380,131,1,タカ目,タカ科,ハチクマ属,(亜種)ハチクマ,,
397,132,,タカ目,タカ科,トビ属,トビ,Milvus migrans,
397,132,1,タカ目,タカ科,トビ属,(亜種)トビ,,
400,133,,タカ目,タカ科,オジロワシ属,オジロワシ,Haliaeetus albicilla,
400,133,1,タカ目,タカ科,オジロワシ属,(亜種)オジロワシ,,
399,134,,タカ目,タカ科,オジロワシ属,オオワシ,Haliaeetus pelagicus,
399,134,1,タカ目,タカ科,オジロワシ属,(亜種)オオワシ,,
390,135,,タカ目,タカ科,ハイタカ属,オオタカ,Accipiter gentilis,
390,135,1,タカ目,タカ科,ハイタカ属,(亜種)オオタカ,,
387,136,,タカ目,タカ科,ハイタカ属,アカハラダカ,Accipiter soloensis,
388,137,,タカ目,タカ科,ハイタカ属,ツミ,Accipiter gularis,
388,137,1,タカ目,タカ科,ハイタカ属,(亜種)ツミ,,
388,137,2,タカ目,タカ科,ハイタカ属,(亜種)リュウキュウツミ,,
389,138,,タカ目,タカ科,ハイタカ属,ハイタカ,Accipiter nisus,
389,138,1,タカ目,タカ科,ハイタカ属,(亜種)ハイタカ,,第8版にない
403,139,,タカ目,タカ科,ノスリ属,ケアシノスリ,Buteo lagopus,第8版にない
403,139,1,タカ目,タカ科,ノスリ属,(亜種)ケアシノスリ,,第8版にない
404,140,,タカ目,タカ科,ノスリ属,オオノスリ,Buteo hemilasius,第8版にない
405,141,,タカ目,タカ科,ノスリ属,ノスリ,Buteo japonicus,
405,141,1,タカ目,タカ科,ノスリ属,(亜種)ノスリ,,
405,141,2,タカ目,タカ科,ノスリ属,(亜種)オガサワラノスリ,,
405,141,3,タカ目,タカ科,ノスリ属,(亜種)ダイトウノスリ,,
402,142,,タカ目,タカ科,サシバ属,サシバ,Butastur indicus,
383,143,,タカ目,タカ科,クマタカ属,クマタカ,Nisaetus nipalensis,
383,143,1,タカ目,タカ科,クマタカ属,(亜種)クマタカ,,
384,144,,タカ目,タカ科,カラフトワシ属,カラフトワシ,Clanga clanga,
385,145,,タカ目,タカ科,イヌワシ属,カタシロワシ,Aquila heliaca,
385,145,1,タカ目,タカ科,イヌワシ属,(亜種)カタシロワシ,,
386,146,,タカ目,タカ科,イヌワシ属,イヌワシ,Aquila chrysaetos,
386,146,1,タカ目,タカ科,イヌワシ属,(亜種)イヌワシ,,
381,147,,タカ目,タカ科,クロハゲワシ属,クロハゲワシ,Aegypius monachus,
382,148,,タカ目,タカ科,カンムリワシ属,カンムリワシ,Spilornis cheela,
382,148,1,タカ目,タカ科,カンムリワシ属,(亜種)カンムリワシ,,
392,149,,タカ目,タカ科,チュウヒ属,ハイイロチュウヒ,Circus cyaneus,
392,149,1,タカ目,タカ科,チュウヒ属,(亜種)ハイイロチュウヒ,,
394,150,,タカ目,タカ科,チュウヒ属,マダラチュウヒ,Circus melanoleucos,
391,151,,タカ目,タカ科,チュウヒ属,チュウヒ,Circus spilonotus,
391,151,1,タカ目,タカ科,チュウヒ属,(亜種)チュウヒ,,
448,152,,ハヤブサ目,ハヤブサ科,ハヤブサ属,シロハヤブサ,Falco rusticolus,
449,153,,ハヤブサ目,ハヤブサ科,ハヤブサ属,ハヤブサ,Falco peregrinus,
449,153,1,ハヤブサ目,ハヤブサ科,ハヤブサ属,(亜種)シベリアハヤブサ,,
449,153,2,ハヤブサ目,ハヤブサ科,ハヤブサ属,(亜種)ハヤブサ,,
449,153,3,ハヤブサ目,ハヤブサ科,ハヤブサ属,(亜種)オオハヤブサ,,
449,153,4,ハヤブサ目,ハヤブサ科,ハヤブサ属,(亜種)シマハヤブサ,,
447,154,,ハヤブサ目,ハヤブサ科,ハヤブサ属,チゴハヤブサ,Falco subbuteo,
447,154,1,ハヤブサ目,ハヤブサ科,ハヤブサ属,(亜種)チゴハヤブサ,,
446,155,,ハヤブサ目,ハヤブサ科,ハヤブサ属,コチョウゲンボウ,Falco columbarius,第8版にない
446,155,1,ハヤブサ目,ハヤブサ科,ハヤブサ属,(亜種)コチョウゲンボウ,,第8版にない
446,155,2,ハヤブサ目,ハヤブサ科,ハヤブサ属,(亜種)ヒガシコチョウゲンボウ,,第8版にない
445,156,,ハヤブサ目,ハヤブサ科,ハヤブサ属,アカアシチョウゲンボウ,Falco amurensis,
443,157,,ハヤブサ目,ハヤブサ科,ハヤブサ属,ヒメチョウゲンボウ,Falco naumanni,
444,158,,ハヤブサ目,ハヤブサ科,ハヤブサ属,チョウゲンボウ,Falco tinnunculus,
444,158,1,ハヤブサ目,ハヤブサ科,ハヤブサ属,(亜種)チョウゲンボウ,,
68,159,,キジ目,キジ科,ライチョウ属,ライチョウ,Lagopus muta,
68,159,1,キジ目,キジ科,ライチョウ属,(亜種)ライチョウ,,
68,160,1,キジ目,キジ科,ライチョウ属,(亜種)エゾライチョウ,,
71,161,,キジ目,キジ科,ウズラ属,ウズラ,Coturnix japonica,
69,162,,キジ目,キジ科,ヤマドリ属,ヤマドリ,Syrmaticus soemmerringii,
69,162,1,キジ目,キジ科,ヤマドリ属,(亜種)ヤマドリ,,
69,162,2,キジ目,キジ科,ヤマドリ属,(亜種)ウスアカヤマドリ,,
69,162,3,キジ目,キジ科,ヤマドリ属,(亜種)シコクヤマドリ,,
69,162,4,キジ目,キジ科,ヤマドリ属,(亜種)アカヤマドリ,,
69,162,5,キジ目,キジ科,ヤマドリ属,(亜種)コシジロヤマドリ,,
70,163,,キジ目,キジ科,キジ属,キジ,Phasianus versicolor,
70,163,1,キジ目,キジ科,キジ属,(亜種)キジ,,
70,163,2,キジ目,キジ科,キジ属,(亜種)トウカイキジ,,
70,163,3,キジ目,キジ科,キジ属,(亜種)シマキジ,,
70,163,4,キジ目,キジ科,キジ属,(亜種)キュウシュウキジ,,
134,164,,チドリ目,ミフウズラ科,ミフウズラ属,ミフウズラ,Turnix suscitator,
134,164,1,チドリ目,ミフウズラ科,ミフウズラ属,(亜種)ミフウズラ,,
127,165,,ツル目,ツル科,クロヅル属,クロヅル,Grus grus,
127,165,1,ツル目,ツル科,クロヅル属,(亜種)クロヅル,,第8版にない
126,166,,ツル目,ツル科,クロヅル属,タンチョウ,Grus japonensis,
128,167,,ツル目,ツル科,クロヅル属,ナベヅル,Grus monacha,
123,168,,ツル目,ツル科,マナヅル属,カナダヅル,Antigone canadensis,第8版にない
123,168,1,ツル目,ツル科,マナヅル属,(亜種)カナダヅル,,
124,169,,ツル目,ツル科,マナヅル属,マナヅル,Antigone vipio,
122,170,,ツル目,ツル科,ソデグロヅル属,ソデグロヅル,Leucogeranus leucogeranus,
125,171,,ツル目,ツル科,アネハヅル属,アネハヅル,Anthropoides virgo,
106,172,,ツル目,クイナ科,クイナ属,クイナ,Rallus indicus,
106,172,1,ツル目,クイナ科,クイナ属,(亜種)クイナ,,
109,173,,ツル目,クイナ科,ヤンバルクイナ属,ヤンバルクイナ,Hypotaenidia okinawae,
116,174,,ツル目,クイナ科,オオクイナ属,オオクイナ,Rallina eurizonoides,
116,174,1,ツル目,クイナ科,オオクイナ属,(亜種)オオクイナ,,
114,175,,ツル目,クイナ科,ヒメクイナ属,コウライクイナ,Zapornia paykullii,
115,176,,ツル目,クイナ科,ヒメクイナ属,ヒメクイナ,Zapornia pusilla,
115,176,1,ツル目,クイナ科,ヒメクイナ属,(亜種)ヒメクイナ,,
113,177,,ツル目,クイナ科,ヒメクイナ属,ヒクイナ,Zapornia fusca,
113,177,1,ツル目,クイナ科,ヒメクイナ属,(亜種)ヒクイナ,,
113,177,2,ツル目,クイナ科,ヒメクイナ属,(亜種)リュウキュウヒクイナ,,
112,178,,ツル目,クイナ科,シマクイナ属,シマクイナ,Coturnicops exquisitus,
112,178,1,ツル目,クイナ科,シマクイナ属,(亜種)シマクイナ,,
117,179,,ツル目,クイナ科,マミジロクイナ属,マミジロクイナ,Poliolimnas cinereus,
117,179,1,ツル目,クイナ科,マミジロクイナ属,(亜種)マミジロクイナ,,
119,180,,ツル目,クイナ科,シロハラクイナ属,シロハラクイナ,Amaurornis phoenicurus,
119,180,1,ツル目,クイナ科,シロハラクイナ属,(亜種)シロハラクイナ,,
110,181,,ツル目,クイナ科,バン属,バン,Gallinula chloropus,
110,181,1,ツル目,クイナ科,バン属,(亜種)バン,,
118,182,,ツル目,クイナ科,ツルクイナ属,ツルクイナ,Gallicrex cinerea,
111,183,,ツル目,クイナ科,オオバン属,オオバン,Fulica atra,第8版にない
111,183,1,ツル目,クイナ科,オオバン属,(亜種)オオバン,,
78,184,,ノガン目,ノガン科,ノガン属,ノガン,Otis tarda,
78,184,1,ノガン目,ノガン科,ノガン属,(亜種)ノガン,,
79,185,,ノガン目,ノガン科,ヒメノガン属,ヒメノガン,Tetrax tetrax,
79,185,1,ノガン目,ノガン科,ヒメノガン属,(亜種)ヒメノガン,,
157,186,,チドリ目,レンカク科,レンカク属,レンカク,Hydrophasianus chirurgus,
156,187,,チドリ目,タマシギ科,タマシギ属,タマシギ,Rostratula benghalensis,第8版にない
156,187,1,チドリ目,タマシギ科,タマシギ属,(亜種)タマシギ,,
135,188,,チドリ目,ミヤコドリ科,ミヤコドリ属,ミヤコドリ,Haematopus ostralegus,第8版にない
135,188,1,チドリ目,ミヤコドリ科,ミヤコドリ属,(亜種)ミヤコドリ,,
136,189,,チドリ目,ミヤコドリ科,ミヤコドリ属,クロミヤコドリ,,
146,190,,チドリ目,チドリ科,チドリ属,ハジロコチドリ,Charadrius hiaticula,第8版にない
146,190,1,チドリ目,チドリ科,チドリ属,(亜種)ハジロコチドリ,,
149,191,,チドリ目,チドリ科,チドリ属,コチドリ,Charadrius dubius,
149,191,1,チドリ目,チドリ科,チドリ属,(亜種)コチドリ,,
147,192,,チドリ目,チドリ科,チドリ属,ミズカキチドリ,Charadrius semipalmatus,
148,193,,チドリ目,チドリ科,チドリ属,イカルチドリ,Charadrius placidus,
148,193,1,チドリ目,チドリ科,チドリ属,(亜種)イカルチドリ,,
150,194,,チドリ目,チドリ科,チドリ属,シロチドリ,Charadrius alexandrinus,
150,194,1,チドリ目,チドリ科,チドリ属,(亜種)ハシボソシロチドリ,,
150,194,2,チドリ目,チドリ科,チドリ属,(亜種)シロチドリ,,
155,195,,チドリ目,チドリ科,チドリ属,フタオビチドリ,,
152,196,,チドリ目,チドリ科,チドリ属,メダイチドリ,Charadrius mongolus,
152,196,1,チドリ目,チドリ科,チドリ属,(亜種)モウコメダイチドリ,,
152,196,2,チドリ目,チドリ科,チドリ属,(亜種)メダイチドリ,,
151,197,,チドリ目,チドリ科,チドリ属,オオメダイチドリ,Charadrius leschenaultii,
151,197,1,チドリ目,チドリ科,チドリ属,(亜種)オオメダイチドリ,,
153,198,,チドリ目,チドリ科,チドリ属,オオチドリ,Charadrius veredus,
153,198,1,チドリ目,チドリ科,チドリ属,(亜種)オオチドリ,,
154,199,,チドリ目,チドリ科,チドリ属,コバシチドリ,Charadrius morinellus,
143,200,,チドリ目,チドリ科,ムナグロ属,ムナグロ,Pluvialis fulva,第8版にない
142,201,,チドリ目,チドリ科,ムナグロ属,ヨーロッパムナグロ,Pluvialis apricaria,第8版にない
145,202,,チドリ目,チドリ科,ムナグロ属,ダイゼン,Pluvialis squatarola,
141,203,,チドリ目,チドリ科,タゲリ属,ケリ,Vanellus cinereus,
140,204,,チドリ目,チドリ科,タゲリ属,タゲリ,Vanellus vanellus,
167,205,,チドリ目,シギ科,キョウジョシギ属,キョウジョシギ,Arenaria interpres,第8版にない
167,205,1,チドリ目,シギ科,キョウジョシギ属,(亜種)キョウジョシギ,,
190,206,,チドリ目,シギ科,オバシギ属,ヒメハマシギ,Calidris mauri,
186,207,,チドリ目,シギ科,オバシギ属,ヨーロッパトウネン,Calidris minuta,第8版にない
181,208,,チドリ目,シギ科,オバシギ属,トウネン,Calidris ruficollis,
178,209,,チドリ目,シギ科,オバシギ属,ヒバリシギ,Calidris subminuta,
179,210,,チドリ目,シギ科,オバシギ属,アメリカヒバリシギ,,
176,211,,チドリ目,シギ科,オバシギ属,オジロトウネン,Calidris temminckii,
185,212,,チドリ目,シギ科,オバシギ属,ヒメウズラシギ,Calidris bairdii,
187,213,,チドリ目,シギ科,オバシギ属,コシジロウズラシギ,Calidris fuscicollis,
189,214,,チドリ目,シギ科,オバシギ属,アメリカウズラシギ,Calidris melanotos,
173,215,,チドリ目,シギ科,オバシギ属,ウズラシギ,Calidris acuminata,第8版にない
184,216,,チドリ目,シギ科,オバシギ属,チシマシギ,Calidris ptilocnemis,
184,216,1,チドリ目,シギ科,オバシギ属,(亜種)チシマシギ,,
183,217,,チドリ目,シギ科,オバシギ属,ハマシギ,Calidris alpina,
183,217,1,チドリ目,シギ科,オバシギ属,(亜種)ハマシギ,,
175,218,,チドリ目,シギ科,オバシギ属,サルハマシギ,Calidris ferruginea,
170,219,,チドリ目,シギ科,オバシギ属,コオバシギ,Calidris canutus,
170,219,1,チドリ目,シギ科,オバシギ属,(亜種)コオバシギ,,
169,220,,チドリ目,シギ科,オバシギ属,オバシギ,Calidris tenuirostris,
219,221,,チドリ目,シギ科,オバシギ属,アライソシギ,,
182,222,,チドリ目,シギ科,オバシギ属,ミユビシギ,Calidris alba,
174,223,,チドリ目,シギ科,オバシギ属,アシナガシギ,Calidris himantopus,
180,224,,チドリ目,シギ科,オバシギ属,ヘラシギ,Calidris pygmaea,
171,225,,チドリ目,シギ科,オバシギ属,エリマキシギ,Calidris pugnax,
188,226,,チドリ目,シギ科,オバシギ属,コモンシギ,Calidris subruficollis,
172,227,,チドリ目,シギ科,オバシギ属,キリアイ,Calidris falcinellus,
172,227,1,チドリ目,シギ科,オバシギ属,(亜種)キリアイ,,
193,228,,チドリ目,シギ科,オオハシシギ属,アメリカオオハシシギ,Limnodromus griseus,
192,229,,チドリ目,シギ科,オオハシシギ属,オオハシシギ,Limnodromus scolopaceus,
191,230,,チドリ目,シギ科,オオハシシギ属,シベリアオオハシシギ,Limnodromus semipalmatus,
215,231,,チドリ目,シギ科,クサシギ属,ツルシギ,Tringa erythropus,
212,232,,チドリ目,シギ科,クサシギ属,アカアシシギ,Tringa totanus,
212,232,1,チドリ目,シギ科,クサシギ属,(亜種)アカアシシギ,,
213,233,,チドリ目,シギ科,クサシギ属,コアオアシシギ,Tringa stagnatilis,
216,234,,チドリ目,シギ科,クサシギ属,アオアシシギ,Tringa nebularia,
218,235,,チドリ目,シギ科,クサシギ属,オオキアシシギ,Tringa melanoleuca,
211,236,,チドリ目,シギ科,クサシギ属,コキアシシギ,Tringa flavipes,
217,237,,チドリ目,シギ科,クサシギ属,カラフトアオアシシギ,Tringa guttifer,
208,238,,チドリ目,シギ科,クサシギ属,クサシギ,Tringa ochropus,
220,239,,チドリ目,シギ科,クサシギ属,コシグロクサシギ,,
214,240,,チドリ目,シギ科,クサシギ属,タカブシギ,Tringa glareola,
209,241,,チドリ目,シギ科,クサシギ属,メリケンキアシシギ,Tringa incana,
210,242,,チドリ目,シギ科,クサシギ属,キアシシギ,Tringa brevipes,
206,243,,チドリ目,シギ科,イソシギ属,イソシギ,Actitis hypoleucos,
207,244,,チドリ目,シギ科,イソシギ属,アメリカイソシギ,Actitis macularius,
202,245,,チドリ目,シギ科,ソリハシシギ属,ソリハシシギ,Xenus cinereus,
165,246,,チドリ目,シギ科,オグロシギ属,オグロシギ,Limosa limosa,
165,246,1,チドリ目,シギ科,オグロシギ属,(亜種)オグロシギ,,
166,247,,チドリ目,シギ科,オグロシギ属,アメリカオグロシギ,Limosa haemastica,
164,248,,チドリ目,シギ科,オグロシギ属,オオソリハシシギ,Limosa lapponica,
164,248,1,チドリ目,シギ科,オグロシギ属,(亜種)コシジロオオソリハシシギ,,
164,248,2,チドリ目,シギ科,オグロシギ属,(亜種)オオソリハシシギ,,
163,249,,チドリ目,シギ科,ダイシャクシギ属,ダイシャクシギ,Numenius arquata,
163,249,1,チドリ目,シギ科,ダイシャクシギ属,(亜種)ダイシャクシギ,,
161,250,,チドリ目,シギ科,ダイシャクシギ属,ホウロクシギ,Numenius madagascariensis,第8版にない
221,251,,チドリ目,シギ科,ダイシャクシギ属,アメリカダイシャクシギ,,第8版にない
162,252,,チドリ目,シギ科,ダイシャクシギ属,シロハラチュウシャクシギ,Numenius tenuirostris,
159,253,,チドリ目,シギ科,ダイシャクシギ属,チュウシャクシギ,Numenius phaeopus,第8版にない
159,253,1,チドリ目,シギ科,ダイシャクシギ属,(亜種)チュウシャクシギ,,
158,254,,チドリ目,シギ科,ダイシャクシギ属,ハリモモチュウシャク,Numenius tahitiensis,
160,255,,チドリ目,シギ科,ダイシャクシギ属,コシャクシギ,Numenius minutus,
222,256,,チドリ目,シギ科,ダイシャクシギ属,マキバシギ,,
194,257,,チドリ目,シギ科,ヤマシギ属,ヤマシギ,Scolopax rusticola,
195,258,,チドリ目,シギ科,ヤマシギ属,アマミヤマシギ,Scolopax mira,
201,259,,チドリ目,シギ科,タシギ属,タシギ,Gallinago gallinago,
201,259,1,チドリ目,シギ科,タシギ属,(亜種)タシギ,,
199,260,,チドリ目,シギ科,タシギ属,ハリオシギ,Gallinago stenura,
200,261,,チドリ目,シギ科,タシギ属,チュウジシギ,Gallinago megala,
198,262,,チドリ目,シギ科,タシギ属,オオジシギ,Gallinago hardwickii,
197,263,,チドリ目,シギ科,タシギ属,アオシギ,Gallinago solitaria,
197,263,1,チドリ目,シギ科,タシギ属,(亜種)アオシギ,,
196,264,,チドリ目,シギ科,コシギ属,コシギ,Lymnocryptes minimus,
137,265,,チドリ目,セイタカシギ科,セイタカシギ属,セイタカシギ,Himantopus himantopus,
137,265,1,チドリ目,セイタカシギ科,セイタカシギ属,(亜種)セイタカシギ,,
137,265,2,チドリ目,セイタカシギ科,セイタカシギ属,(亜種)オーストラリアセイタカシギ,,
139,266,,チドリ目,セイタカシギ科,ソリハシセイタカシギ属,ソリハシセイタカシギ,Recurvirostra avosetta,
717,267,,チドリ目,セイタカシギ科,ソリハシセイタカシギ属,クロエリセイタカシギ,Himantopus mexicanus,第8版にない
205,268,,チドリ目,シギ科,ヒレアシシギ属,ハイイロヒレアシシギ,Phalaropus fulicarius,第8版にない
204,269,,チドリ目,シギ科,ヒレアシシギ属,アカエリヒレアシシギ,Phalaropus lobatus,
203,270,,チドリ目,シギ科,ヒレアシシギ属,アメリカヒレアシシギ,Steganopus tricolor,
223,271,,チドリ目,ツバメチドリ科,ツバメチドリ属,ツバメチドリ,Glareola maldivarum,
271,272,,チドリ目,トウゾクカモメ科,トウゾクカモメ属,オオトウゾクカモメ,Stercorarius maccormicki,第8版にない
272,273,,チドリ目,トウゾクカモメ科,トウゾクカモメ属,トウゾクカモメ,Stercorarius pomarinus,
273,274,,チドリ目,トウゾクカモメ科,トウゾクカモメ属,クロトウゾクカモメ,Stercorarius parasiticus,
274,275,,チドリ目,トウゾクカモメ科,トウゾクカモメ属,シロハラトウゾクカモメ,Stercorarius longicaudus,
242,276,,チドリ目,カモメ科,オオズグロカモメ属,オオズグロカモメ,Ichthyaetus ichthyaetus,
235,277,,チドリ目,カモメ科,ユリカモメ属,ユリカモメ,Chroicocephalus ridibundus,
232,278,,チドリ目,カモメ科,ユリカモメ属,ハシボソカモメ,Chroicocephalus genei,
248,279,,チドリ目,カモメ科,カモメ属,セグロカモメ,Larus vegae,
248,279,1,チドリ目,カモメ科,カモメ属,(亜種)セグロカモメ,,
248,279,2,チドリ目,カモメ科,カモメ属,(亜種)モンゴルセグロカモメ,,
249,280,,チドリ目,カモメ科,カモメ属,オオセグロカモメ,Larus schistisagus,
245,281,,チドリ目,カモメ科,カモメ属,ワシカモメ,Larus glaucescens,
246,282,,チドリ目,カモメ科,カモメ属,シロカモメ,Larus hyperboreus,
246,282,1,チドリ目,カモメ科,カモメ属,(亜種)シロカモメ,,
244,283,,チドリ目,カモメ科,カモメ属,カモメ,Larus canus,
244,283,1,チドリ目,カモメ科,カモメ属,(亜種)カモメ,,
243,284,,チドリ目,カモメ科,カモメ属,ウミネコ,Larus crassirostris,
236,285,,チドリ目,カモメ科,ズグロカモメ属,ズグロカモメ,Saundersilarus saundersi,
241,286,,チドリ目,カモメ科,オオズグロカモメ属,ゴビズキンカモメ,Ichthyaetus relictus,
231,287,,チドリ目,カモメ科,クビワカモメ属,クビワカモメ,Xema sabini,
228,288,,チドリ目,カモメ科,ミツユビカモメ属,ミツユビカモメ,Rissa tridactyla,
228,288,1,チドリ目,カモメ科,ミツユビカモメ属,(亜種)ミツユビカモメ,,
229,289,,チドリ目,カモメ科,ミツユビカモメ属,アカアシミツユビカモメ,Rissa brevirostris,
238,290,,チドリ目,カモメ科,ヒメクビワカモメ属,ヒメクビワカモメ,Rhodostethia rosea,
230,291,,チドリ目,カモメ科,ゾウゲカモメ属,ゾウゲカモメ,Pagophila eburnea,
269,292,,チドリ目,カモメ科,クロハラアジサシ属,ハジロクロハラアジサシ,Chlidonias leucopterus,
268,293,,チドリ目,カモメ科,クロハラアジサシ属,クロハラアジサシ,Chlidonias hybrida,
268,293,1,チドリ目,カモメ科,クロハラアジサシ属,(亜種)クロハラアジサシ,,
270,294,,チドリ目,カモメ科,クロハラアジサシ属,ハシグロクロハラアジサシ,Chlidonias niger,第8版にない
270,294,1,チドリ目,カモメ科,クロハラアジサシ属,(亜種)ハシグロクロハラアジサシ,,
255,295,,チドリ目,カモメ科,オニアジサシ属,オニアジサシ,Hydroprogne caspia,
255,295,1,チドリ目,カモメ科,オニアジサシ属,(亜種)オニアジサシ,,
256,296,,チドリ目,カモメ科,オオアジサシ属,オオアジサシ,Thalasseus bergii,
256,296,1,チドリ目,カモメ科,オオアジサシ属,(亜種)オオアジサシ,,
254,297,,チドリ目,カモメ科,ハシブトアジサシ属,ハシブトアジサシ,Gelochelidon nilotica,
254,297,1,チドリ目,カモメ科,ハシブトアジサシ属,(亜種)ハシブトアジサシ,,
266,298,,チドリ目,カモメ科,アジサシ属,アジサシ,Sterna hirundo,
266,298,1,チドリ目,カモメ科,アジサシ属,(亜種)アカアシアジサシ,,
266,298,2,チドリ目,カモメ科,アジサシ属,(亜種)アジサシ,,
264,299,,チドリ目,カモメ科,アジサシ属,ベニアジサシ,Sterna dougallii,
264,299,1,チドリ目,カモメ科,アジサシ属,(亜種)ベニアジサシ,,
265,300,,チドリ目,カモメ科,アジサシ属,エリグロアジサシ,Sterna sumatrana,
260,301,,チドリ目,カモメ科,セグロアジサシ属,コシジロアジサシ,Onychoprion aleuticus,
261,302,,チドリ目,カモメ科,セグロアジサシ属,ナンヨウマミジロアジサシ,Onychoprion lunatus,
262,303,,チドリ目,カモメ科,セグロアジサシ属,マミジロアジサシ,Onychoprion anaethetus,
262,303,1,チドリ目,カモメ科,セグロアジサシ属,(亜種)マミジロアジサシ,,
263,304,,チドリ目,カモメ科,セグロアジサシ属,セグロアジサシ,Onychoprion fuscatus,
263,304,1,チドリ目,カモメ科,セグロアジサシ属,(亜種)セグロアジサシ,,
258,305,,チドリ目,カモメ科,コアジサシ属,コアジサシ,Sternula albifrons,第8版にない
258,305,1,チドリ目,カモメ科,コアジサシ属,(亜種)コアジサシ,,第8版にない
226,306,,チドリ目,カモメ科,クロアジサシ属,ハイイロアジサシ,Anous ceruleus,
226,306,1,チドリ目,カモメ科,クロアジサシ属,(亜種)ハイイロアジサシ,,
224,307,,チドリ目,カモメ科,クロアジサシ属,クロアジサシ,Anous stolidus,
224,307,1,チドリ目,カモメ科,クロアジサシ属,(亜種)クロアジサシ,,
224,307,2,チドリ目,カモメ科,クロアジサシ属,(亜種)リュウキュウクロアジサシ,,
225,308,,チドリ目,カモメ科,クロアジサシ属,ヒメクロアジサシ,Anous minutus,
225,308,1,チドリ目,カモメ科,クロアジサシ属,(亜種)ヒメクロアジサシ,,
227,309,,チドリ目,カモメ科,シロアジサシ属,シロアジサシ,Gygis alba,
227,309,1,チドリ目,カモメ科,シロアジサシ属,(亜種)シロアジサシ,,
278,310,,チドリ目,ウミスズメ科,ウミガラス属,ウミガラス,Uria aalge,
278,310,1,チドリ目,ウミスズメ科,ウミガラス属,(亜種)ウミガラス,,
277,311,,チドリ目,ウミスズメ科,ウミガラス属,ハシブトウミガラス,Uria lomvia,第8版にない
277,311,1,チドリ目,ウミスズメ科,ウミガラス属,(亜種)ハシブトウミガラス,,
280,312,,チドリ目,ウミスズメ科,ウミバト属,ウミバト,Cepphus columba,
280,312,1,チドリ目,ウミスズメ科,ウミバト属,(亜種)ウミバト,,
280,312,2,チドリ目,ウミスズメ科,ウミバト属,(亜種)アリューシャンウミバト,,
281,313,,チドリ目,ウミスズメ科,ウミバト属,ケイマフリ,Cepphus carbo,
282,314,,チドリ目,ウミスズメ科,マダラウミスズメ属,マダラウミスズメ,Brachyramphus perdix,
282,314,1,チドリ目,ウミスズメ科,マダラウミスズメ属,(亜種)マダラウミスズメ,,
283,315,,チドリ目,ウミスズメ科,ウミスズメ属,ウミスズメ,Synthliboramphus antiquus,
284,316,,チドリ目,ウミスズメ科,ウミスズメ属,カンムリウミスズメ,Synthliboramphus wumizusume,
289,317,,チドリ目,ウミスズメ科,エトロフウミスズメ属,エトロフウミスズメ,Aethia cristatella,
288,318,,チドリ目,ウミスズメ科,エトロフウミスズメ属,シラヒゲウミスズメ,Aethia pygmaea,
287,319,,チドリ目,ウミスズメ科,エトロフウミスズメ属,コウミスズメ,Aethia pusilla,
286,320,,チドリ目,ウミスズメ科,エトロフウミスズメ属,ウミオウム,Aethia psittacula,第8版にない
290,321,,チドリ目,ウミスズメ科,ウトウ属,ウトウ,Cerorhinca monocerata,
291,322,,チドリ目,ウミスズメ科,ツノメドリ属,ツノメドリ,Fratercula corniculata,
292,323,,チドリ目,ウミスズメ科,ツノメドリ属,エトピリカ,Fratercula cirrhata,
93,324,,サケイ目,サケイ科,サケイ属,サケイ,Syrrhaptes paradoxus,
95,325,,ハト目,ハト科,カワラバト属,カラスバト,Columba janthina,
95,325,1,ハト目,ハト科,カワラバト属,(亜種)カラスバト,,
95,325,2,ハト目,ハト科,カワラバト属,(亜種)アカガシラカラスバト,,第8版にない
95,325,3,ハト目,ハト科,カワラバト属,(亜種)ヨナクニカラスバト,,
97,326,,ハト目,ハト科,カワラバト属,リュウキュウカラスバト,Columba jouyi,
96,327,,ハト目,ハト科,カワラバト属,オガサワラカラスバト,Columba versicolor,
99,328,,ハト目,ハト科,キジバト属,シラコバト,Streptopelia decaocto,
99,328,1,ハト目,ハト科,キジバト属,(亜種)シラコバト,,
100,329,,ハト目,ハト科,キジバト属,ベニバト,Streptopelia tranquebarica,
100,329,1,ハト目,ハト科,キジバト属,(亜種)ベニバト,,
98,330,,ハト目,ハト科,キジバト属,キジバト,Streptopelia orientalis,
98,330,1,ハト目,ハト科,キジバト属,(亜種)キジバト,,第8版にない
98,330,2,ハト目,ハト科,キジバト属,(亜種)リュウキュウキジバト,,第8版にない
101,331,,ハト目,ハト科,キンバト属,キンバト,Chalcophaps indica,
101,331,1,ハト目,ハト科,キンバト属,(亜種)キンバト,,
102,332,,ハト目,ハト科,アオバト属,アオバト,Treron sieboldii,
102,332,1,ハト目,ハト科,アオバト属,(亜種)アオバト,,
103,333,,ハト目,ハト科,アオバト属,ズアカアオバト,Treron formosae,第8版にない
103,333,1,ハト目,ハト科,アオバト属,(亜種)ズアカアオバト,,
103,333,2,ハト目,ハト科,アオバト属,(亜種)チュウダイズアカアオバト,,
87,334,,カッコウ目,カッコウ科,ジュウイチ属,ジュウイチ,Hierococcyx hyperythrus,
87,334,1,カッコウ目,カッコウ科,ジュウイチ属,(亜種)ジュウイチ,,
89,335,,カッコウ目,カッコウ科,カッコウ属,セグロカッコウ,Cuculus micropterus,第8版にない
89,335,1,カッコウ目,カッコウ科,カッコウ属,(亜種)セグロカッコウ,,第8版にない
92,336,,カッコウ目,カッコウ科,カッコウ属,カッコウ,Cuculus canorus,第8版にない
92,336,1,カッコウ目,カッコウ科,カッコウ属,(亜種)カッコウ,,第8版ではヤナギムシクイであるため将来統合する
91,337,,カッコウ目,カッコウ科,カッコウ属,ツツドリ,Cuculus optatus,
91,337,1,カッコウ目,カッコウ科,カッコウ属,(亜種)ツツドリ,,
88,338,,カッコウ目,カッコウ科,カッコウ属,ホトトギス,Cuculus poliocephalus,
88,338,1,カッコウ目,カッコウ科,カッコウ属,(亜種)ホトトギス,,
81,339,,カッコウ目,カッコウ科,カンムリカッコウ属,カンムリカッコウ,Clamator coromandus,
413,340,,フクロウ目,フクロウ科,ワシミミズク属,シロフクロウ,Bubo scandiacus,
414,341,,フクロウ目,フクロウ科,ワシミミズク属,ワシミミズク,Bubo bubo,
414,341,1,フクロウ目,フクロウ科,ワシミミズク属,(亜種)タイリクワシミミズク,,
414,341,2,フクロウ目,フクロウ科,ワシミミズク属,(亜種)ワシミミズク,,
415,342,,フクロウ目,フクロウ科,シマフクロウ属,シマフクロウ,Ketupa blakistoni,第8版にない
415,342,1,フクロウ目,フクロウ科,シマフクロウ属,(亜種)シマフクロウ,,
411,343,,フクロウ目,フクロウ科,トラフズク属,トラフズク,Asio otus,
411,343,1,フクロウ目,フクロウ科,トラフズク属,(亜種)トラフズク,,
412,344,,フクロウ目,フクロウ科,トラフズク属,コミミズク,Asio flammeus,
412,344,1,フクロウ目,フクロウ科,トラフズク属,(亜種)コミミズク,,
408,345,,フクロウ目,フクロウ科,コノハズク属,コノハズク,Otus sunia,
408,345,1,フクロウ目,フクロウ科,コノハズク属,(亜種)コノハズク,,
409,346,,フクロウ目,フクロウ科,コノハズク属,リュウキュウコノハズク,Otus elegans,
409,346,1,フクロウ目,フクロウ科,コノハズク属,(亜種)ダイトウコノハズク,,
409,346,2,フクロウ目,フクロウ科,コノハズク属,(亜種)リュウキュウコノハズク,,第8版にない
410,347,,フクロウ目,フクロウ科,コノハズク属,オオコノハズク,Otus semitorques,第8版ではヤブヨシキリであるため将来統合する
410,347,1,フクロウ目,フクロウ科,コノハズク属,(亜種)サメイロオオコノハズク,,第8版にない
410,347,2,フクロウ目,フクロウ科,コノハズク属,(亜種)オオコノハズク,,
410,347,3,フクロウ目,フクロウ科,コノハズク属,(亜種)リュウキュウオオコノハズク,,
407,348,,フクロウ目,フクロウ科,キンメフクロウ属,キンメフクロウ,Aegolius funereus,
407,348,1,フクロウ目,フクロウ科,キンメフクロウ属,(亜種)キンメフクロウ,,
406,349,,フクロウ目,フクロウ科,アオバズク属,アオバズク,Ninox japonica,
406,349,1,フクロウ目,フクロウ科,アオバズク属,(亜種)チョウセンアオバズク,,
406,349,2,フクロウ目,フクロウ科,アオバズク属,(亜種)アオバズク,,
406,349,3,フクロウ目,フクロウ科,アオバズク属,(亜種)リュウキュウアオバズク,,
416,350,,フクロウ目,フクロウ科,フクロウ属,フクロウ,Strix uralensis,
416,350,1,フクロウ目,フクロウ科,フクロウ属,(亜種)エゾフクロウ,,
416,350,2,フクロウ目,フクロウ科,フクロウ属,(亜種)フクロウ,,
416,350,3,フクロウ目,フクロウ科,フクロウ属,(亜種)モミヤマフクロウ,,
416,350,4,フクロウ目,フクロウ科,フクロウ属,(亜種)キュウシュウフクロウ,,
72,351,,ヨタカ目,ヨタカ科,ヨタカ属,ヨタカ,Caprimulgus jotaka,
72,351,1,ヨタカ目,ヨタカ科,ヨタカ属,(亜種)ヨタカ,,
73,352,,アマツバメ目,アマツバメ科,ハリオアマツバメ属,ハリオアマツバメ,Hirundapus caudacutus,
73,352,1,アマツバメ目,アマツバメ科,ハリオアマツバメ属,(亜種)ハリオアマツバメ,,
76,353,,アマツバメ目,アマツバメ科,アマツバメ属,ヒメアマツバメ,Apus nipalensis,
76,353,1,アマツバメ目,アマツバメ科,アマツバメ属,(亜種)ヒメアマツバメ,,
75,354,,アマツバメ目,アマツバメ科,アマツバメ属,アマツバメ,Apus pacificus,
75,354,1,アマツバメ目,アマツバメ科,アマツバメ属,(亜種)キタアマツバメ,,第8版にない
75,354,2,アマツバメ目,アマツバメ科,アマツバメ属,(亜種)アマツバメ,,
428,355,,ブッポウソウ目,カワセミ科,ヤマセミ属,ヤマセミ,Megaceryle lugubris,
428,355,1,ブッポウソウ目,カワセミ科,ヤマセミ属,(亜種)エゾヤマセミ,,
428,355,2,ブッポウソウ目,カワセミ科,ヤマセミ属,(亜種)ヤマセミ,,
423,356,,ブッポウソウ目,カワセミ科,アカショウビン属,ヤマショウビン,Halcyon pileata,
421,357,,ブッポウソウ目,カワセミ科,アカショウビン属,アカショウビン,Halcyon coromanda,
421,357,1,ブッポウソウ目,カワセミ科,アカショウビン属,(亜種)アカショウビン,,
421,357,2,ブッポウソウ目,カワセミ科,アカショウビン属,(亜種)リュウキュウアカショウビン,,
425,358,,ブッポウソウ目,カワセミ科,ナンヨウショウビン属,ミヤコショウビン,Todiramphus miyakoensis,
425,358,1,ブッポウソウ目,カワセミ科,ナンヨウショウビン属,(亜種)ミヤコショウビン,,
424,359,,ブッポウソウ目,カワセミ科,ナンヨウショウビン属,ナンヨウショウビン,Todiramphus chloris,
424,359,1,ブッポウソウ目,カワセミ科,ナンヨウショウビン属,(亜種)ナンヨウショウビン,,
426,360,,ブッポウソウ目,カワセミ科,カワセミ属,カワセミ,Alcedo atthis,
426,360,1,ブッポウソウ目,カワセミ科,カワセミ属,(亜種)カワセミ,,
430,361,,ブッポウソウ目,ハチクイ科,ハチクイ属,ハチクイ,Merops ornatus,
420,362,,ブッポウソウ目,ブッポウソウ科,ブッポウソウ属,ブッポウソウ,Eurystomus orientalis,
420,362,1,ブッポウソウ目,ブッポウソウ科,ブッポウソウ属,(亜種)ブッポウソウ,,
419,363,,サイチョウ目,ヤツガシラ科,ヤツガシラ属,ヤツガシラ,Upupa epops,
419,363,1,サイチョウ目,ヤツガシラ科,ヤツガシラ属,(亜種)ヤツガシラ,,
431,364,,キツツキ目,キツツキ科,アリスイ属,アリスイ,Jynx torquilla,
431,364,1,キツツキ目,キツツキ科,アリスイ属,(亜種)シベリアアリスイ,,
431,364,2,キツツキ目,キツツキ科,アリスイ属,(亜種)アリスイ,,
441,365,,キツツキ目,キツツキ科,アオゲラ属,アオゲラ,Picus awokera,
441,365,1,キツツキ目,キツツキ科,アオゲラ属,(亜種)アオゲラ,,
441,365,2,キツツキ目,キツツキ科,アオゲラ属,(亜種)カゴシマアオゲラ,,
441,365,3,キツツキ目,キツツキ科,アオゲラ属,(亜種)タネアオゲラ,,
442,366,,キツツキ目,キツツキ科,アオゲラ属,ヤマゲラ,Picus canus,
442,366,1,キツツキ目,キツツキ科,アオゲラ属,(亜種)ヤマゲラ,,
437,367,,キツツキ目,キツツキ科,アカゲラ属,ノグチゲラ,Dendrocopos noguchii,
440,368,,キツツキ目,キツツキ科,クマゲラ属,クマゲラ,Dryocopus martius,
440,368,1,キツツキ目,キツツキ科,クマゲラ属,(亜種)クマゲラ,,第8版にない
439,369,,キツツキ目,キツツキ科,クマゲラ属,キタタキ,Dryocopus javensis,第8版にない
439,369,1,キツツキ目,キツツキ科,クマゲラ属,(亜種)キタタキ,,
436,370,,キツツキ目,キツツキ科,アカゲラ属,アカゲラ,Dendrocopos major,
436,370,1,キツツキ目,キツツキ科,アカゲラ属,(亜種)ハシブトアカゲラ,,
436,370,2,キツツキ目,キツツキ科,アカゲラ属,(亜種)エゾアカゲラ,,
436,370,3,キツツキ目,キツツキ科,アカゲラ属,(亜種)アカゲラ,,
438,371,,キツツキ目,キツツキ科,アカゲラ属,オオアカゲラ,Dendrocopos leucotos,
438,371,1,キツツキ目,キツツキ科,アカゲラ属,(亜種)エゾオオアカゲラ,,
438,371,2,キツツキ目,キツツキ科,アカゲラ属,(亜種)オオアカゲラ,,
438,371,3,キツツキ目,キツツキ科,アカゲラ属,(亜種)ナミエオオアカゲラ,,
438,371,4,キツツキ目,キツツキ科,アカゲラ属,(亜種)オーストンオオアカゲラ,,第8版にない
434,372,,キツツキ目,キツツキ科,コアカゲラ属,コアカゲラ,Dryobates minor,
434,372,1,キツツキ目,キツツキ科,コアカゲラ属,(亜種)コアカゲラ,,
432,373,,キツツキ目,キツツキ科,コゲラ属,コゲラ,Yungipicus kizuki,
432,373,1,キツツキ目,キツツキ科,コゲラ属,(亜種)エゾコゲラ,,
432,373,2,キツツキ目,キツツキ科,コゲラ属,(亜種)コゲラ,,
432,373,3,キツツキ目,キツツキ科,コゲラ属,(亜種)ミヤケコゲラ,,
432,373,4,キツツキ目,キツツキ科,コゲラ属,(亜種)シコクコゲラ,,
432,373,5,キツツキ目,キツツキ科,コゲラ属,(亜種)ツシマコゲラ,,
432,373,6,キツツキ目,キツツキ科,コゲラ属,(亜種)キュウシュウコゲラ,,
432,373,7,キツツキ目,キツツキ科,コゲラ属,(亜種)アマミコゲラ,,
432,373,8,キツツキ目,キツツキ科,コゲラ属,(亜種)リュウキュウコゲラ,,
432,373,9,キツツキ目,キツツキ科,コゲラ属,(亜種)オリイコゲラ,,
433,374,,キツツキ目,キツツキ科,ミユビゲラ属,ミユビゲラ,Picoides tridactylus,
433,374,1,キツツキ目,キツツキ科,ミユビゲラ属,(亜種)ミユビゲラ,,
452,375,,スズメ目,ヤイロチョウ科,ヤイロチョウ属,ヤイロチョウ,Pitta nympha,
452,375,1,スズメ目,ヤイロチョウ科,ヤイロチョウ属,(亜種)ヤイロチョウ,,
451,376,,スズメ目,ヤイロチョウ科,ヤイロチョウ属,ズグロヤイロチョウ,Pitta sordida,
451,376,1,スズメ目,ヤイロチョウ科,ヤイロチョウ属,(亜種)ズグロヤイロチョウ,,
500,377,,スズメ目,ヒバリ科,コウテンシ属,クビワコウテンシ,Melanocorypha bimaculata,
500,377,1,スズメ目,ヒバリ科,コウテンシ属,(亜種)クビワコウテンシ,,
499,378,,スズメ目,ヒバリ科,ヒメコウテンシ属,ヒメコウテンシ,Calandrella brachydactyla,
499,378,1,スズメ目,ヒバリ科,ヒメコウテンシ属,(亜種)ヒメコウテンシ,,
502,379,,スズメ目,ヒバリ科,コヒバリ属,コヒバリ,Alaudala cheleensis,
502,379,1,スズメ目,ヒバリ科,コヒバリ属,(亜種)コヒバリ,,
497,380,,スズメ目,ヒバリ科,ヒバリ属,ヒバリ,Alauda arvensis,
497,380,1,スズメ目,ヒバリ科,ヒバリ属,(亜種)オオヒバリ,,
497,380,2,スズメ目,ヒバリ科,ヒバリ属,(亜種)カラフトチュウヒバリ,,
497,380,3,スズメ目,ヒバリ科,ヒバリ属,(亜種)ヒバリ,,
498,381,,スズメ目,ヒバリ科,ハマヒバリ属,ハマヒバリ,Eremophila alpestris,
506,382,,スズメ目,ツバメ科,ショウドウツバメ属,ショウドウツバメ,Riparia riparia,
506,382,1,スズメ目,ツバメ科,ショウドウツバメ属,(亜種)ショウドウツバメ,,
509,383,,スズメ目,ツバメ科,ツバメ属,ツバメ,Hirundo rustica,
509,383,1,スズメ目,ツバメ科,ツバメ属,(亜種)アカハラツバメ,,
509,383,2,スズメ目,ツバメ科,ツバメ属,(亜種)ツバメ,,
508,384,,スズメ目,ツバメ科,ツバメ属,リュウキュウツバメ,Hirundo tahitica,
508,384,1,スズメ目,ツバメ科,ツバメ属,(亜種)リュウキュウツバメ,,
511,385,,スズメ目,ツバメ科,コシアカツバメ属,コシアカツバメ,Cecropis daurica,
511,385,1,スズメ目,ツバメ科,コシアカツバメ属,(亜種)コシアカツバメ,,
510,386,,スズメ目,ツバメ科,イワツバメ属,イワツバメ,Delichon dasypus,
510,386,1,スズメ目,ツバメ科,イワツバメ属,(亜種)イワツバメ,,
643,387,,スズメ目,セキレイ科,イワミセキレイ属,イワミセキレイ,Dendronanthus indicus,
645,388,,スズメ目,セキレイ科,セキレイ属,ツメナガセキレイ,Motacilla tschutschensis,
645,388,1,スズメ目,セキレイ科,セキレイ属,(亜種)マミジロツメナガセキレイ,,
645,388,2,スズメ目,セキレイ科,セキレイ属,(亜種)ツメナガセキレイ,,
645,388,3,スズメ目,セキレイ科,セキレイ属,(亜種)キタツメナガセキレイ,,
646,389,,スズメ目,セキレイ科,セキレイ属,キガシラセキレイ,Motacilla citreola,
646,389,1,スズメ目,セキレイ科,セキレイ属,(亜種)キガシラセキレイ,,
647,390,,スズメ目,セキレイ科,セキレイ属,キセキレイ,Motacilla cinerea,第8版にない
647,390,1,スズメ目,セキレイ科,セキレイ属,(亜種)キセキレイ,,
648,391,,スズメ目,セキレイ科,セキレイ属,ハクセキレイ,Motacilla alba,
648,391,1,スズメ目,セキレイ科,セキレイ属,(亜種)タイワンハクセキレイ,,
648,391,2,スズメ目,セキレイ科,セキレイ属,(亜種)ハクセキレイ,,
648,391,3,スズメ目,セキレイ科,セキレイ属,(亜種)ホオジロハクセキレイ,,
648,391,4,スズメ目,セキレイ科,セキレイ属,(亜種)ニシシベリアハクセキレイ,,
648,391,5,スズメ目,セキレイ科,セキレイ属,(亜種)メンガタハクセキレイ,,
648,391,6,スズメ目,セキレイ科,セキレイ属,(亜種)ネパールハクセキレイ,,
648,391,7,スズメ目,セキレイ科,セキレイ属,(亜種)シベリアハクセキレイ,,
649,392,,スズメ目,セキレイ科,セキレイ属,セグロセキレイ,Motacilla grandis,
650,393,,スズメ目,セキレイ科,タヒバリ属,マミジロタヒバリ,Anthus richardi,
650,393,1,スズメ目,セキレイ科,タヒバリ属,(亜種)マミジロタヒバリ,,
651,394,,スズメ目,セキレイ科,タヒバリ属,コマミジロタヒバリ,Anthus godlewskii,
651,394,1,スズメ目,セキレイ科,タヒバリ属,(亜種)コマミジロタヒバリ,,
653,395,,スズメ目,セキレイ科,タヒバリ属,ヨーロッパビンズイ,Anthus trivialis,
653,395,1,スズメ目,セキレイ科,タヒバリ属,(亜種)ヨーロッパビンズイ,,
654,396,,スズメ目,セキレイ科,タヒバリ属,ビンズイ,Anthus hodgsoni,
654,396,1,スズメ目,セキレイ科,タヒバリ属,(亜種)ビンズイ,,
654,396,2,スズメ目,セキレイ科,タヒバリ属,(亜種)カラフトビンズイ,,第8版にない
655,397,,スズメ目,セキレイ科,タヒバリ属,セジロタヒバリ,Anthus gustavi,
655,397,1,スズメ目,セキレイ科,タヒバリ属,(亜種)セジロタヒバリ,,
657,398,,スズメ目,セキレイ科,タヒバリ属,ムネアカタヒバリ,Anthus cervinus,
658,399,,スズメ目,セキレイ科,タヒバリ属,タヒバリ,Anthus rubescens,
658,399,1,スズメ目,セキレイ科,タヒバリ属,(亜種)タヒバリ,,
456,400,,スズメ目,サンショウクイ科,アサクラサンショウクイ属,アサクラサンショウクイ,Lalage melaschistos,
456,400,1,スズメ目,サンショウクイ科,アサクラサンショウクイ属,(亜種)アサクラサンショウクイ,,
454,401,,スズメ目,サンショウクイ科,サンショウクイ属,サンショウクイ,Pericrocotus divaricatus,
454,401,1,スズメ目,サンショウクイ科,サンショウクイ属,(亜種)サンショウクイ,,
505,402,,スズメ目,ヒヨドリ科,シロガシラ属,シロガシラ,Pycnonotus sinensis,
505,402,1,スズメ目,ヒヨドリ科,シロガシラ属,(亜種)シロガシラ,,
505,402,2,スズメ目,ヒヨドリ科,シロガシラ属,(亜種)タイワンシロガシラ,,
504,403,,スズメ目,ヒヨドリ科,ヒヨドリ属,ヒヨドリ,Hypsipetes amaurotis,
504,403,1,スズメ目,ヒヨドリ科,ヒヨドリ属,(亜種)ヒヨドリ,,
504,403,2,スズメ目,ヒヨドリ科,ヒヨドリ属,(亜種)オガサワラヒヨドリ,,
504,403,3,スズメ目,ヒヨドリ科,ヒヨドリ属,(亜種)ハシブトヒヨドリ,,
504,403,4,スズメ目,ヒヨドリ科,ヒヨドリ属,(亜種)ダイトウヒヨドリ,,
504,403,5,スズメ目,ヒヨドリ科,ヒヨドリ属,(亜種)アマミヒヨドリ,,
504,403,6,スズメ目,ヒヨドリ科,ヒヨドリ属,(亜種)リュウキュウヒヨドリ,,第8版にない
504,403,7,スズメ目,ヒヨドリ科,ヒヨドリ属,(亜種)イシガキヒヨドリ,,
504,403,8,スズメ目,ヒヨドリ科,ヒヨドリ属,(亜種)タイワンヒヨドリ,,
465,404,,スズメ目,モズ科,モズ属,チゴモズ,Lanius tigrinus,
468,405,,スズメ目,モズ科,モズ属,モズ,Lanius bucephalus,
468,405,1,スズメ目,モズ科,モズ属,(亜種)モズ,,
467,406,,スズメ目,モズ科,モズ属,アカモズ,Lanius cristatus,
467,406,1,スズメ目,モズ科,モズ属,(亜種)シマアカモズ,,
467,406,2,スズメ目,モズ科,モズ属,(亜種)アカモズ,,
469,407,,スズメ目,モズ科,モズ属,タカサゴモズ,Lanius schach,
469,407,1,スズメ目,モズ科,モズ属,(亜種)タカサゴモズ,,
464,408,,スズメ目,モズ科,モズ属,オオモズ,Lanius borealis,
464,408,1,スズメ目,モズ科,モズ属,(亜種)シベリアオオモズ,,第8版追加
464,408,2,スズメ目,モズ科,モズ属,(亜種)オオモズ,,
463,409,,スズメ目,モズ科,モズ属,オオカラモズ,Lanius sphenocercus,
463,409,1,スズメ目,モズ科,モズ属,(亜種)オオカラモズ,,
484,410,,スズメ目,レンジャク科,レンジャク属,キレンジャク,Bombycilla garrulus,
484,410,1,スズメ目,レンジャク科,レンジャク属,(亜種)キレンジャク,,
485,411,,スズメ目,レンジャク科,レンジャク属,ヒレンジャク,Bombycilla japonica,
636,412,,スズメ目,カワガラス科,カワガラス属,カワガラス,Cinclus pallasii,
636,412,1,スズメ目,カワガラス科,カワガラス属,(亜種)カワガラス,,
562,413,,スズメ目,ミソサザイ科,ミソサザイ属,ミソサザイ,Troglodytes troglodytes,
562,413,1,スズメ目,ミソサザイ科,ミソサザイ属,(亜種)ミソサザイ,,
562,413,2,スズメ目,ミソサザイ科,ミソサザイ属,(亜種)モスケミソサザイ,,
562,413,3,スズメ目,ミソサザイ科,ミソサザイ属,(亜種)オガワミソサザイ,,
562,413,4,スズメ目,ミソサザイ科,ミソサザイ属,(亜種)ダイトウミソサザイ,,
640,414,,スズメ目,イワヒバリ科,カヤクグリ属,イワヒバリ,Prunella collaris,
640,414,1,スズメ目,イワヒバリ科,カヤクグリ属,(亜種)イワヒバリ,,
641,415,,スズメ目,イワヒバリ科,カヤクグリ属,ヤマヒバリ,Prunella montanella,
642,416,,スズメ目,イワヒバリ科,カヤクグリ属,カヤクグリ,Prunella rubida,
607,417,,スズメ目,ヒタキ科,コマドリ属,コマドリ,Larvivora akahige,
607,417,1,スズメ目,ヒタキ科,コマドリ属,(亜種)コマドリ,,
607,417,2,スズメ目,ヒタキ科,コマドリ属,(亜種)タネコマドリ,,
608,418,,スズメ目,ヒタキ科,コマドリ属,アカヒゲ,Larvivora komadori,
608,418,1,スズメ目,ヒタキ科,コマドリ属,(亜種)アカヒゲ,,
608,418,3,スズメ目,ヒタキ科,コマドリ属,(亜種)ウスアカヒゲ,,
610,419,,スズメ目,ヒタキ科,コマドリ属,シマゴマ,Larvivora sibilans,
605,420,,スズメ目,ヒタキ科,ノゴマ属,ノゴマ,Calliope calliope,
604,421,,スズメ目,ヒタキ科,オガワコマドリ属,オガワコマドリ,Luscinia svecica,
604,421,1,スズメ目,ヒタキ科,オガワコマドリ属,(亜種)オガワコマドリ,,
606,422,,スズメ目,ヒタキ科,コマドリ属,コルリ,Larvivora cyane,
619,423,,スズメ目,ヒタキ科,ルリビタキ属,ルリビタキ,Tarsiger cyanurus,
619,423,1,スズメ目,ヒタキ科,ルリビタキ属,(亜種)ルリビタキ,,
622,424,,スズメ目,ヒタキ科,ジョウビタキ属,クロジョウビタキ,Phoenicurus ochruros,
622,424,1,スズメ目,ヒタキ科,ジョウビタキ属,(亜種)クロジョウビタキ,,
624,425,,スズメ目,ヒタキ科,ジョウビタキ属,ジョウビタキ,Phoenicurus auroreus,
624,425,1,スズメ目,ヒタキ科,ジョウビタキ属,(亜種)ジョウビタキ,,
631,426,,スズメ目,ヒタキ科,ノビタキ属,ノビタキ,Saxicola stejnegeri,
631,426,1,スズメ目,ヒタキ科,ノビタキ属,(亜種)ノビタキ,,
628,427,,スズメ目,ヒタキ科,ノビタキ属,ヤマザキヒタキ,Saxicola ferreus,
628,427,1,スズメ目,ヒタキ科,ノビタキ属,(亜種)ヤマザキヒタキ,,第8版にない
633,428,,スズメ目,ヒタキ科,サバクヒタキ属,イナバヒタキ,Oenanthe isabellina,第8版にない
632,429,,スズメ目,ヒタキ科,サバクヒタキ属,ハシグロヒタキ,Oenanthe oenanthe,第8版にない
632,429,1,スズメ目,ヒタキ科,サバクヒタキ属,(亜種)ハシグロヒタキ,,第8版にない
635,430,,スズメ目,ヒタキ科,サバクヒタキ属,セグロサバクヒタキ,Oenanthe pleschanka,第8版にない
635,430,1,スズメ目,ヒタキ科,サバクヒタキ属,(亜種)セグロサバクヒタキ,,第8版にない
634,431,,スズメ目,ヒタキ科,サバクヒタキ属,サバクヒタキ,Oenanthe deserti,第8版にない
634,431,1,スズメ目,ヒタキ科,サバクヒタキ属,(亜種)サバクヒタキ,,第8版にない
627,432,,スズメ目,ヒタキ科,イソヒヨドリ属,イソヒヨドリ,Monticola solitarius,第8版にない
627,432,1,スズメ目,ヒタキ科,イソヒヨドリ属,(亜種)イソヒヨドリ,,第8版にない
627,432,2,スズメ目,ヒタキ科,イソヒヨドリ属,(亜種)アオハライソヒヨドリ,,第8版にない
625,433,,スズメ目,ヒタキ科,イソヒヨドリ属,ヒメイソヒヨ,Monticola gularis,第8版にない
574,434,,スズメ目,ツグミ科,トラツグミ属,トラツグミ,Zoothera aurea,第8版にない
574,434,1,スズメ目,ツグミ科,トラツグミ属,(亜種)トラツグミ,,
576,435,,スズメ目,ツグミ科,オガサワラガビチョウ属,オガサワラガビチョウ,Cichlopasser terrestris,
577,436,,スズメ目,ツグミ科,マミジロ属,マミジロ,Geokichla sibirica,
577,436,1,スズメ目,ツグミ科,マミジロ属,(亜種)マミジロ,,
584,437,,スズメ目,ツグミ科,ツグミ属,カラアカハラ,Turdus hortulorum,
583,438,,スズメ目,ツグミ科,ツグミ属,クロツグミ,Turdus cardis,
581,439,,スズメ目,ツグミ科,ツグミ属,クロウタドリ,Turdus mandarinus,
581,439,1,スズメ目,ツグミ科,ツグミ属,(亜種)クロウタドリ,,
587,440,,スズメ目,ツグミ科,ツグミ属,アカハラ,Turdus chrysolaus,
587,440,1,スズメ目,ツグミ科,ツグミ属,(亜種)オオアカハラ,,
587,440,2,スズメ目,ツグミ科,ツグミ属,(亜種)アカハラ,,
588,441,,スズメ目,ツグミ科,ツグミ属,アカコッコ,Turdus celaenops,
586,442,,スズメ目,ツグミ科,ツグミ属,シロハラ,Turdus pallidus,
585,443,,スズメ目,ツグミ科,ツグミ属,マミチャジナイ,Turdus obscurus,
590,444,,スズメ目,ツグミ科,ツグミ属,ノドグロツグミ,Turdus atrogularis,
590,444,1,スズメ目,ツグミ科,ツグミ属,(亜種)ノドグロツグミ,,
590,444,2,スズメ目,ツグミ科,ツグミ属,(亜種)ノドアカツグミ,,
591,445,,スズメ目,ツグミ科,ツグミ属,ツグミ,Turdus eunomus,
591,445,1,スズメ目,ツグミ科,ツグミ属,(亜種)ツグミ,,
589,446,,スズメ目,ツグミ科,ツグミ属,ノハラツグミ,Turdus pilaris,
582,447,,スズメ目,ツグミ科,ツグミ属,ワキアカツグミ,Turdus iliacus,
582,447,1,スズメ目,ツグミ科,ツグミ属,(亜種)ワキアカツグミ,,
495,448,,スズメ目,ヒゲガラ科,ヒゲガラ属,ヒゲガラ,Panurus biarmicus,
516,449,,スズメ目,ウグイス科,ヤブサメ属,ヤブサメ,Urosphena squameiceps,
514,450,,スズメ目,ウグイス科,ウグイス属,ウグイス,Horornis diphone,
514,450,1,スズメ目,ウグイス科,ウグイス属,(亜種)カラフトウグイス,,
514,450,2,スズメ目,ウグイス科,ウグイス属,(亜種)ウグイス,,
514,450,3,スズメ目,ウグイス科,ウグイス属,(亜種)ハシナガウグイス,,
514,450,4,スズメ目,ウグイス科,ウグイス属,(亜種)ダイトウウグイス,,
514,450,5,スズメ目,ウグイス科,ウグイス属,(亜種)リュウキュウウグイス,,
551,451,,スズメ目,センニュウ科,センニュウ属,オオセッカ,Locustella pryeri,
551,451,1,スズメ目,センニュウ科,センニュウ属,(亜種)オオセッカ,,
550,452,,スズメ目,センニュウ科,センニュウ属,エゾセンニュウ,Locustella amnicola,
550,452,1,スズメ目,センニュウ科,センニュウ属,(亜種)エゾセンニュウ,,
552,453,,スズメ目,センニュウ科,センニュウ属,シベリアセンニュウ,Locustella certhiola,
552,453,1,スズメ目,センニュウ科,センニュウ属,(亜種)シベリアセンニュウ,,
553,454,,スズメ目,センニュウ科,センニュウ属,シマセンニュウ,Locustella ochotensis,
554,455,,スズメ目,センニュウ科,センニュウ属,ウチヤマセンニュウ,Locustella pleskei,
555,456,,スズメ目,センニュウ科,センニュウ属,マキノセンニュウ,Locustella lanceolata,
541,457,,スズメ目,ヨシキリ科,ヨシキリ属,コヨシキリ,Acrocephalus bistrigiceps,
541,457,1,スズメ目,ヨシキリ科,ヨシキリ属,(亜種)コヨシキリ,,
540,458,,スズメ目,ヨシキリ科,ヨシキリ属,オオヨシキリ,Acrocephalus orientalis,
540,458,1,スズメ目,ヨシキリ科,ヨシキリ属,(亜種)オオヨシキリ,,
545,459,,スズメ目,ヨシキリ科,ハシブトオオヨシキリ属,ハシブトオオヨシキリ,Arundinax aedon,
545,459,1,スズメ目,ヨシキリ科,ハシブトオオヨシキリ属,(亜種)ハシブトオオヨシキリ,,
529,460,,スズメ目,ムシクイ科,ムシクイ属,キタヤナギムシクイ,Phylloscopus trochilus,
529,460,1,スズメ目,ムシクイ科,ムシクイ属,(亜種)キタヤナギムシクイ,,
530,461,,スズメ目,ムシクイ科,ムシクイ属,チフチャフ,Phylloscopus collybita,
530,461,1,スズメ目,ムシクイ科,ムシクイ属,(亜種)チフチャフ,,
519,462,,スズメ目,ムシクイ科,ムシクイ属,モリムシクイ,Phylloscopus sibilatrix,
528,463,,スズメ目,ムシクイ科,ムシクイ属,ムジセッカ,Phylloscopus fuscatus,
528,463,1,スズメ目,ムシクイ科,ムシクイ属,(亜種)ムジセッカ,,
527,464,,スズメ目,ムシクイ科,ムシクイ属,カラフトムジセッカ,Phylloscopus schwarzi,
520,465,,スズメ目,ムシクイ科,ムシクイ属,キマユムシクイ,Phylloscopus inornatus,
520,465,1,スズメ目,ムシクイ科,ムシクイ属,(亜種)キマユムシクイ,,
522,466,,スズメ目,ムシクイ科,ムシクイ属,カラフトムシクイ,Phylloscopus proregulus,
522,466,1,スズメ目,ムシクイ科,ムシクイ属,(亜種)カラフトムシクイ,,
536,467,,スズメ目,ムシクイ科,ムシクイ属,メボソムシクイ類,,
534,468,,スズメ目,ムシクイ科,ムシクイ属,エゾムシクイ,Phylloscopus borealoides,
531,469,,スズメ目,ムシクイ科,ムシクイ属,センダイムシクイ,Phylloscopus coronatus,
532,470,,スズメ目,ムシクイ科,ムシクイ属,イイジマムシクイ,Phylloscopus ijimae,
561,471,,スズメ目,キクイタダキ科,キクイタダキ属,キクイタダキ,Regulus regulus,
561,471,1,スズメ目,キクイタダキ科,キクイタダキ属,(亜種)キクイタダキ,,
556,472,,スズメ目,セッカ科,セッカ属,セッカ,Cisticola juncidis,
556,472,1,スズメ目,セッカ科,セッカ属,(亜種)セッカ,,
618,473,,スズメ目,ヒタキ科,キビタキ属,マダラヒタキ,Ficedula hypoleuca,
618,473,1,スズメ目,ヒタキ科,キビタキ属,(亜種)マダラヒタキ,,
612,474,,スズメ目,ヒタキ科,キビタキ属,マミジロキビタキ,Ficedula zanthopygia,
613,475,,スズメ目,ヒタキ科,キビタキ属,キビタキ,Ficedula narcissina,
613,475,1,スズメ目,ヒタキ科,キビタキ属,(亜種)キビタキ,,
615,476,,スズメ目,ヒタキ科,キビタキ属,ムギマキ,Ficedula mugimaki,
617,477,,スズメ目,ヒタキ科,キビタキ属,オジロビタキ,Ficedula albicilla,
617,477,1,スズメ目,ヒタキ科,キビタキ属,(亜種)オジロビタキ,,
599,478,,スズメ目,ヒタキ科,オオルリ属,オオルリ,Cyanoptila cyanomelana,
599,478,1,スズメ目,ヒタキ科,オオルリ属,(亜種)オオルリ,,
594,479,,スズメ目,ヒタキ科,サメビタキ属,サメビタキ,Muscicapa sibirica,
594,479,1,スズメ目,ヒタキ科,サメビタキ属,(亜種)サメビタキ,,
593,480,,スズメ目,ヒタキ科,サメビタキ属,エゾビタキ,Muscicapa griseisticta,
597,481,,スズメ目,ヒタキ科,サメビタキ属,コサメビタキ,Muscicapa dauurica,
597,481,1,スズメ目,ヒタキ科,サメビタキ属,(亜種)コサメビタキ,,
462,482,,スズメ目,カササギヒタキ科,サンコウチョウ属,サンコウチョウ,Terpsiphone atrocaudata,
462,482,1,スズメ目,カササギヒタキ科,サンコウチョウ属,(亜種)サンコウチョウ,,
462,482,2,スズメ目,カササギヒタキ科,サンコウチョウ属,(亜種)リュウキュウサンコウチョウ,,
517,483,,スズメ目,エナガ科,エナガ属,エナガ,Aegithalos caudatus,
517,483,1,スズメ目,エナガ科,エナガ属,(亜種)シマエナガ,,
517,483,2,スズメ目,エナガ科,エナガ属,(亜種)チョウセンエナガ,,
517,483,3,スズメ目,エナガ科,エナガ属,(亜種)エナガ,,
517,483,4,スズメ目,エナガ科,エナガ属,(亜種)キュウシュウエナガ,,
494,484,,スズメ目,ツリスガラ科,ツリスガラ属,ツリスガラ,Remiz consobrinus,
494,484,1,スズメ目,ツリスガラ科,ツリスガラ属,(亜種)ツリスガラ,,
490,485,,スズメ目,シジュウカラ科,コガラ属,ハシブトガラ,Poecile palustris,
490,485,1,スズメ目,シジュウカラ科,コガラ属,(亜種)ハシブトガラ,,
491,486,,スズメ目,シジュウカラ科,コガラ属,コガラ,Poecile montanus,
491,486,1,スズメ目,シジュウカラ科,コガラ属,(亜種)コガラ,,
491,486,2,スズメ目,シジュウカラ科,コガラ属,(亜種)カラフトコガラ,,
486,487,,スズメ目,シジュウカラ科,ヒガラ属,ヒガラ,Periparus ater,
486,487,1,スズメ目,シジュウカラ科,ヒガラ属,(亜種)ヒガラ,,
488,488,,スズメ目,シジュウカラ科,ヤマガラ属,ヤマガラ,Sittiparus varius,
488,488,1,スズメ目,シジュウカラ科,ヤマガラ属,(亜種)ヤマガラ,,
488,488,2,スズメ目,シジュウカラ科,ヤマガラ属,(亜種)ナミエヤマガラ,,
488,488,3,スズメ目,シジュウカラ科,ヤマガラ属,(亜種)オーストンヤマガラ,,
488,488,4,スズメ目,シジュウカラ科,ヤマガラ属,(亜種)ダイトウヤマガラ,,
488,488,5,スズメ目,シジュウカラ科,ヤマガラ属,(亜種)タネヤマガラ,,
488,488,6,スズメ目,シジュウカラ科,ヤマガラ属,(亜種)ヤクシマヤマガラ,,
488,488,7,スズメ目,シジュウカラ科,ヤマガラ属,(亜種)アマミヤマガラ,,
492,489,,スズメ目,シジュウカラ科,ルリガラ属,ルリガラ,Cyanistes cyanus,
492,489,1,スズメ目,シジュウカラ科,ルリガラ属,(亜種)ルリガラ,,
493,490,,スズメ目,シジュウカラ科,シジュウカラ属,シジュウカラ,Parus cinereus,
493,490,1,スズメ目,シジュウカラ科,シジュウカラ属,(亜種)シジュウカラ,,
493,490,2,スズメ目,シジュウカラ科,シジュウカラ属,(亜種)アマミシジュウカラ,,
493,490,3,スズメ目,シジュウカラ科,シジュウカラ属,(亜種)オキナワシジュウカラ,,
493,490,4,スズメ目,シジュウカラ科,シジュウカラ属,(亜種)イシガキシジュウカラ,,
563,491,,スズメ目,ゴジュウカラ科,ゴジュウカラ属,ゴジュウカラ,Sitta europaea,
563,491,1,スズメ目,ゴジュウカラ科,ゴジュウカラ属,(亜種)シロハラゴジュウカラ,,
563,491,2,スズメ目,ゴジュウカラ科,ゴジュウカラ属,(亜種)ゴジュウカラ,,
563,491,3,スズメ目,ゴジュウカラ科,ゴジュウカラ属,(亜種)キュウシュウゴジュウカラ,,
564,492,,スズメ目,キバシリ科,キバシリ属,キバシリ,Certhia familiaris,
564,492,1,スズメ目,キバシリ科,キバシリ属,(亜種)キタキバシリ,,
564,492,2,スズメ目,キバシリ科,キバシリ属,(亜種)キバシリ,,
560,493,,スズメ目,メジロ科,メジロ属,メジロ,Zosterops japonicus,
560,493,1,スズメ目,メジロ科,メジロ属,(亜種)メジロ,,
560,493,2,スズメ目,メジロ科,メジロ属,(亜種)シチトウメジロ,,
560,493,3,スズメ目,メジロ科,メジロ属,(亜種)イオウジマメジロ,,
560,493,4,スズメ目,メジロ科,メジロ属,(亜種)ダイトウメジロ,,
560,493,5,スズメ目,メジロ科,メジロ属,(亜種)シマメジロ,,
560,493,6,スズメ目,メジロ科,メジロ属,(亜種)リュウキュウメジロ,,
558,494,,スズメ目,メジロ科,メグロ属,メグロ,Apalopteron familiare,
558,494,1,スズメ目,メジロ科,メグロ属,(亜種)ムコジマメグロ,,
558,494,2,スズメ目,メジロ科,メグロ属,(亜種)メグロ,,
681,495,,スズメ目,ホオジロ科,ホオジロ属,キアオジ,Emberiza citrinella,
681,495,1,スズメ目,ホオジロ科,ホオジロ属,(亜種)キアオジ,,
682,496,,スズメ目,ホオジロ科,ホオジロ属,シラガホオジロ,Emberiza leucocephalos,
682,496,1,スズメ目,ホオジロ科,ホオジロ属,(亜種)シラガホオジロ,,
683,497,,スズメ目,ホオジロ科,ホオジロ属,ホオジロ,Emberiza cioides,
683,497,1,スズメ目,ホオジロ科,ホオジロ属,(亜種)ホオジロ,,
685,498,,スズメ目,ホオジロ科,ホオジロ属,ズアオホオジロ,Emberiza hortulana,
702,499,,スズメ目,ホオジロ科,ホオジロ属,コジュリン,Emberiza yessoensis,
702,499,1,スズメ目,ホオジロ科,ホオジロ属,(亜種)コジュリン,,
686,500,,スズメ目,ホオジロ科,ホオジロ属,シロハラホオジロ,Emberiza tristrami,
687,501,,スズメ目,ホオジロ科,ホオジロ属,ホオアカ,Emberiza fucata,
687,501,1,スズメ目,ホオジロ科,ホオジロ属,(亜種)ホオアカ,,
688,502,,スズメ目,ホオジロ科,ホオジロ属,コホオアカ,Emberiza pusilla,
689,503,,スズメ目,ホオジロ科,ホオジロ属,キマユホオジロ,Emberiza chrysophrys,
690,504,,スズメ目,ホオジロ科,ホオジロ属,カシラダカ,Emberiza rustica,
690,504,1,スズメ目,ホオジロ科,ホオジロ属,(亜種)カシラダカ,,
691,505,,スズメ目,ホオジロ科,ホオジロ属,ミヤマホオジロ,Emberiza elegans,
691,505,1,スズメ目,ホオジロ科,ホオジロ属,(亜種)ミヤマホオジロ,,
692,506,,スズメ目,ホオジロ科,ホオジロ属,シマアオジ,Emberiza aureola,
692,506,1,スズメ目,ホオジロ科,ホオジロ属,(亜種)シマアオジ,,
693,507,,スズメ目,ホオジロ科,ホオジロ属,シマノジコ,Emberiza rutila,
694,508,,スズメ目,ホオジロ科,ホオジロ属,ズグロチャキンチョウ,Emberiza melanocephala,
696,509,,スズメ目,ホオジロ科,ホオジロ属,ノジコ,Emberiza sulphurata,
699,510,,スズメ目,ホオジロ科,ホオジロ属,アオジ,Emberiza personata,
699,510,2,スズメ目,ホオジロ科,ホオジロ属,(亜種)アオジ,,
700,511,,スズメ目,ホオジロ科,ホオジロ属,クロジ,Emberiza variabilis,
701,512,,スズメ目,ホオジロ科,ホオジロ属,シベリアジュリン,Emberiza pallasi,
701,512,1,スズメ目,ホオジロ科,ホオジロ属,(亜種)シベリアジュリン,,
701,512,2,スズメ目,ホオジロ科,ホオジロ属,(亜種)オオシベリアジュリン,,
703,513,,スズメ目,ホオジロ科,ホオジロ属,オオジュリン,Emberiza schoeniclus,ハリネズミ科
703,513,1,スズメ目,ホオジロ科,ホオジロ属,(亜種)オオジュリン,,トガリネズミ科
679,514,,スズメ目,ツメナガホオジロ科,ツメナガホオジロ属,ツメナガホオジロ,Calcarius lapponicus,
679,514,1,スズメ目,ツメナガホオジロ科,ツメナガホオジロ属,(亜種)ツメナガホオジロ,,
680,515,,スズメ目,ツメナガホオジロ科,ユキホオジロ属,ユキホオジロ,Plectrophenax nivalis,
680,515,1,スズメ目,ツメナガホオジロ科,ユキホオジロ属,(亜種)ユキホオジロ,,
680,515,2,スズメ目,ツメナガホオジロ科,ユキホオジロ属,(亜種)オオユキホオジロ,,
704,516,,スズメ目,ゴマフスズメ科,ゴマフスズメ属,ゴマフスズメ,Passerella iliaca,
704,516,1,スズメ目,ゴマフスズメ科,ゴマフスズメ属,(亜種)ゴマフスズメ,,
705,517,,スズメ目,ゴマフスズメ科,ミヤマシトド属,ミヤマシトド,Zonotrichia leucophrys,
705,517,1,スズメ目,ゴマフスズメ科,ミヤマシトド属,(亜種)ミヤマシトド,,
706,518,,スズメ目,ゴマフスズメ科,ミヤマシトド属,キガシラシトド,Zonotrichia atricapilla,
660,519,,スズメ目,アトリ科,アトリ属,ズアオアトリ,Fringilla coelebs,
660,519,1,スズメ目,アトリ科,アトリ属,(亜種)ズアオアトリ,,
661,520,,スズメ目,アトリ科,アトリ属,アトリ,Fringilla montifringilla,
672,521,,スズメ目,アトリ科,カワラヒワ属,カワラヒワ,Chloris sinica,
672,521,1,スズメ目,アトリ科,カワラヒワ属,(亜種)オオカワラヒワ,,
672,521,2,スズメ目,アトリ科,カワラヒワ属,(亜種)カワラヒワ,,
677,522,,スズメ目,アトリ科,マヒワ属,マヒワ,Spinus spinus,
674,523,,スズメ目,アトリ科,ベニヒワ属,ベニヒワ,Acanthis flammea,
674,523,1,スズメ目,アトリ科,ベニヒワ属,(亜種)ベニヒワ,,
674,523,2,スズメ目,アトリ科,ベニヒワ属,(亜種)コベニヒワ,,
667,525,,スズメ目,アトリ科,ハギマシコ属,ハギマシコ,Leucosticte arctoa,
667,525,1,スズメ目,アトリ科,ハギマシコ属,(亜種)ハギマシコ,,
668,526,,スズメ目,アトリ科,オオマシコ属,アカマシコ,Carpodacus erythrinus,
668,526,1,スズメ目,アトリ科,オオマシコ属,(亜種)アカマシコ,,
671,527,,スズメ目,アトリ科,オオマシコ属,オオマシコ,Carpodacus roseus,モグラ科
665,528,,スズメ目,アトリ科,ギンザンマシコ属,ギンザンマシコ,Pinicola enucleator,
665,528,1,スズメ目,アトリ科,ギンザンマシコ属,(亜種)コバシギンザンマシコ,,
665,528,2,スズメ目,アトリ科,ギンザンマシコ属,(亜種)ギンザンマシコ,,
675,529,,スズメ目,アトリ科,イスカ属,イスカ,Loxia curvirostra,
675,529,1,スズメ目,アトリ科,イスカ属,(亜種)イスカ,,
676,530,,スズメ目,アトリ科,イスカ属,ナキイスカ,Loxia leucoptera,
676,530,1,スズメ目,アトリ科,イスカ属,(亜種)ナキイスカ,,
670,531,,スズメ目,アトリ科,オオマシコ属,ベニマシコ,Carpodacus sibiricus,
670,531,1,スズメ目,アトリ科,オオマシコ属,(亜種)ベニマシコ,,
669,532,,スズメ目,アトリ科,オオマシコ属,オガサワラマシコ,Carpodacus ferreorostris,
666,533,,スズメ目,アトリ科,ウソ属,ウソ,Pyrrhula pyrrhula,
666,533,1,スズメ目,アトリ科,ウソ属,(亜種)ベニバラウソ,,
666,533,2,スズメ目,アトリ科,ウソ属,(亜種)アカウソ,,
666,533,3,スズメ目,アトリ科,ウソ属,(亜種)ウソ,,
663,534,,スズメ目,アトリ科,イカル属,コイカル,Eophona migratoria,
663,534,1,スズメ目,アトリ科,イカル属,(亜種)コイカル,,
664,535,,スズメ目,アトリ科,イカル属,イカル,Eophona personata,
664,535,1,スズメ目,アトリ科,イカル属,(亜種)イカル,,
662,536,,スズメ目,アトリ科,シメ属,シメ,Coccothraustes coccothraustes,
662,536,1,スズメ目,アトリ科,シメ属,(亜種)シメ,,
662,536,2,スズメ目,アトリ科,シメ属,(亜種)シベリアシメ,,オオコウモリ科
639,537,,スズメ目,スズメ科,スズメ属,イエスズメ,Passer domesticus,
639,537,1,スズメ目,スズメ科,スズメ属,(亜種)イエスズメ,,
637,538,,スズメ目,スズメ科,スズメ属,ニュウナイスズメ,Passer cinnamomeus,
637,538,1,スズメ目,スズメ科,スズメ属,(亜種)ニュウナイスズメ,,
638,539,,スズメ目,スズメ科,スズメ属,スズメ,Passer montanus,
638,539,1,スズメ目,スズメ科,スズメ属,(亜種)スズメ,,
565,540,,スズメ目,ムクドリ科,ムクドリ属,ギンムクドリ,Spodiopsar sericeus,キクガシラコウモリ科
567,541,,スズメ目,ムクドリ科,コムクドリ属,シベリアムクドリ,Agropsar sturninus,
568,542,,スズメ目,ムクドリ科,コムクドリ属,コムクドリ,Agropsar philippensis,
570,543,,スズメ目,ムクドリ科,カラムクドリ属,カラムクドリ,Sturnia sinensis,
572,544,,スズメ目,ムクドリ科,ホシムクドリ属,ホシムクドリ,Sturnus vulgaris,
572,544,1,スズメ目,ムクドリ科,ホシムクドリ属,(亜種)ホシムクドリ,,
566,545,,スズメ目,ムクドリ科,ムクドリ属,ムクドリ,Spodiopsar cineraceus,
457,546,,スズメ目,コウライウグイス科,コウライウグイス属,コウライウグイス,Oriolus chinensis,
457,546,1,スズメ目,コウライウグイス科,コウライウグイス属,(亜種)コウライウグイス,,
453,547,,スズメ目,モリツバメ科,モリツバメ属,モリツバメ,Artamus leucorynchus,
453,547,1,スズメ目,モリツバメ科,モリツバメ属,(亜種)モリツバメ,,
472,548,,スズメ目,カラス科,カケス属,カケス,Garrulus glandarius,
472,548,1,スズメ目,カラス科,カケス属,(亜種)ミヤマカケス,,
472,548,2,スズメ目,カラス科,カケス属,(亜種)カケス,,ヒナコウモリ科
472,548,3,スズメ目,カラス科,カケス属,(亜種)サドカケス,,
472,548,4,スズメ目,カラス科,カケス属,(亜種)ヤクシマカケス,,
473,549,,スズメ目,カラス科,カケス属,ルリカケス,Garrulus lidthi,
474,550,,スズメ目,カラス科,オナガ属,オナガ,Cyanopica cyanus,
474,550,1,スズメ目,カラス科,オナガ属,(亜種)オナガ,,
475,551,,スズメ目,カラス科,カササギ属,カササギ,Pica serica,
475,551,1,スズメ目,カラス科,カササギ属,(亜種)カササギ,,
476,552,,スズメ目,カラス科,ホシガラス属,ホシガラス,Nucifraga caryocatactes,
476,552,1,スズメ目,カラス科,ホシガラス属,(亜種)ハシナガホシガラス,,
476,552,2,スズメ目,カラス科,ホシガラス属,(亜種)ホシガラス,,
478,553,,スズメ目,カラス科,カラス属,コクマルガラス,Corvus dauuricus,
478,553,5,スズメ目,カラス科,カラス属,(亜種)コクマルガラス淡色型,,
478,553,6,スズメ目,カラス科,カラス属,(亜種)コクマルガラス暗色型,,
478,553,7,スズメ目,カラス科,カラス属,(亜種)コクマルガラス中間型,,
479,554,,スズメ目,カラス科,カラス属,ミヤマガラス,Corvus frugilegus,
479,554,1,スズメ目,カラス科,カラス属,(亜種)ミヤマガラス,,
480,555,,スズメ目,カラス科,カラス属,ハシボソガラス,Corvus corone,
480,555,1,スズメ目,カラス科,カラス属,(亜種)ハシボソガラス,,
481,556,,スズメ目,カラス科,カラス属,ハシブトガラス,Corvus macrorhynchos,
481,556,1,スズメ目,カラス科,カラス属,(亜種)チョウセンハシブトガラス,,
481,556,2,スズメ目,カラス科,カラス属,(亜種)ハシブトガラス,,
481,556,3,スズメ目,カラス科,カラス属,(亜種)リュウキュウハシブトガラス,,
481,556,4,スズメ目,カラス科,カラス属,(亜種)オサハシブトガラス,,
482,557,,スズメ目,カラス科,カラス属,ワタリガラス,Corvus corax,
482,557,1,スズメ目,カラス科,カラス属,(亜種)ワタリガラス,,
